Name,Applicants total,Enrolled total,Tuition and fees,Costs of living on campus,Ranking,Ranking display
Alabama A & M University,6142.0,1104.0,7182.0,27441.0,1000+,1000+
University of Alabama at Birmingham,5689.0,1773.0,7206.0,31687.0,301-400,top 1000
University of Alabama in Huntsville,2054.0,651.0,9192.0,35780.0,1000+,1000+
Alabama State University,10245.0,1479.0,8720.0,25222.0,1000+,1000+
The University of Alabama,30975.0,6454.0,9450.0,41500.0,1000+,1000+
Auburn University at Montgomery,1958.0,579.0,8750.0,34020.0,1000+,1000+
Auburn University,15745.0,3726.0,9852.0,41794.0,501-600,top 1000
Birmingham Southern College,1931.0,356.0,30690.0,45470.0,1000+,1000+
Huntingdon College,1470.0,261.0,23500.0,33885.0,1000+,1000+
Jacksonville State University,3083.0,1158.0,7092.0,28029.0,1000+,1000+
Judson College,268.0,68.0,15630.0,28840.0,1000+,1000+
University of West Alabama,462.0,380.0,7660.0,24672.0,1000+,1000+
University of Mobile,866.0,259.0,18690.0,32570.0,1000+,1000+
University of Montevallo,1385.0,531.0,10000.0,33030.0,1000+,1000+
University of North Alabama,2542.0,970.0,7078.0,22525.0,1000+,1000+
Oakwood University,2728.0,409.0,16234.0,36295.0,1000+,1000+
Samford University,3447.0,765.0,26328.0,40900.0,1000+,1000+
University of South Alabama,4814.0,1878.0,6948.0,26628.0,1000+,1000+
Spring Hill College,6596.0,431.0,30924.0,46170.0,1000+,1000+
Stillman College,4121.0,257.0,15901.0,26877.0,1000+,1000+
Troy University,5946.0,2087.0,7276.0,24564.0,1000+,1000+
Tuskegee University,10022.0,650.0,18900.0,32853.0,1000+,1000+
Alaska Pacific University,494.0,33.0,29810.0,43180.0,1000+,1000+
Arizona State University-Tempe,21770.0,7171.0,9861.0,37630.0,1000+,1000+
University of Arizona,26329.0,7401.0,10391.0,42171.0,101-150,top 1000
Embry-Riddle Aeronautical University-Prescott,1689.0,448.0,31034.0,46314.0,1000+,1000+
Northern Arizona University,33989.0,4772.0,9738.0,35101.0,501-600,top 1000
Prescott College,399.0,49.0,29732.0,41336.0,1000+,1000+
Arizona Christian University,344.0,90.0,21832.0,35382.0,1000+,1000+
University of Arkansas at Little Rock,1443.0,667.0,7094.0,32968.0,901-1000,top 1000
Lyon College,1309.0,174.0,23594.0,34154.0,1000+,1000+
University of Arkansas,18908.0,4339.0,7818.0,33468.0,1000+,1000+
University of Arkansas at Pine Bluff,4094.0,568.0,5938.0,22582.0,1000+,1000+
Arkansas State University-Main Campus,4838.0,1619.0,7510.0,25624.0,1000+,1000+
Arkansas Tech University,3847.0,1755.0,5598.0,20862.0,1000+,1000+
University of Central Arkansas,3659.0,2157.0,7595.0,24341.0,1000+,1000+
Central Baptist College,540.0,129.0,13350.0,23224.0,1000+,1000+
Harding University,2180.0,1041.0,16170.0,26634.0,1000+,1000+
Henderson State University,3350.0,704.0,7580.0,25054.0,1000+,1000+
Hendrix College,1928.0,436.0,37816.0,52536.0,1000+,1000+
John Brown University,1143.0,305.0,22734.0,34776.0,1000+,1000+
Ouachita Baptist University,1740.0,394.0,22370.0,32610.0,1000+,1000+
University of the Ozarks,1061.0,159.0,24350.0,36379.0,1000+,1000+
Williams Baptist College,531.0,156.0,13750.0,23886.0,1000+,1000+
Southern Arkansas University Main Campus,2720.0,663.0,7466.0,22588.0,1000+,1000+
University of Arkansas-Fort Smith,3905.0,1343.0,4528.0,22042.0,1000+,1000+
Azusa Pacific University,5329.0,1250.0,32256.0,45996.0,1000+,1000+
Biola University,4816.0,903.0,32142.0,46624.0,1000+,1000+
California Baptist University,3853.0,993.0,28122.0,42228.0,1000+,1000+
California Institute of Technology,5535.0,249.0,41538.0,58755.0,9,top 1000
California Lutheran University,6920.0,540.0,35720.0,52577.0,1000+,1000+
California Polytechnic State University-San Luis Obispo,36941.0,3635.0,8724.0,35445.0,1000+,1000+
Alliant International University,128.0,28.0,15816.0,29986.0,1000+,1000+
California State University-Bakersfield,6630.0,1328.0,6775.0,32346.0,1000+,1000+
California State University-Stanislaus,5763.0,1109.0,6491.0,33593.0,1000+,1000+
California State University-San Bernardino,12239.0,2448.0,6550.0,31537.0,1000+,1000+
California State Polytechnic University-Pomona,28143.0,3120.0,6350.0,33731.0,1000+,1000+
California State University-Chico,17215.0,2714.0,6972.0,33522.0,1000+,1000+
California State University-Dominguez Hills,14742.0,1214.0,6100.0,32446.0,1000+,1000+
California State University-Fresno,16242.0,3139.0,6287.0,31842.0,1000+,1000+
California State University-Fullerton,38909.0,4526.0,6186.0,34665.0,1000+,1000+
California State University-East Bay,12741.0,1572.0,6550.0,33472.0,1000+,1000+
California State University-Long Beach,55019.0,4276.0,6240.0,33266.0,1000+,1000+
California State University-Los Angeles,27321.0,2908.0,6344.0,32865.0,1000+,1000+
California State University-Northridge,29339.0,4149.0,6525.0,32829.0,1000+,1000+
California State University-Sacramento,19702.0,3151.0,6628.0,34369.0,1000+,1000+
University of California-Berkeley,61717.0,4162.0,12864.0,56197.0,5,top 1000
University of California-Davis,49820.0,5208.0,13895.0,55944.0,1000+,1000+
University of California-Irvine,56515.0,5077.0,13149.0,53382.0,61,top 1000
University of California-Los Angeles,72676.0,5620.0,12697.0,55294.0,13,top 1000
University of California-Riverside,30391.0,4034.0,12960.0,55116.0,1000+,1000+
University of California-San Diego,60832.0,4575.0,13271.0,53348.0,21,top 1000
University of California-Santa Barbara,55258.0,4741.0,13746.0,56929.0,57,top 1000
University of California-Santa Cruz,33137.0,3827.0,13397.0,56031.0,1000+,1000+
California Maritime Academy,893.0,198.0,6536.0,32262.0,1000+,1000+
Chapman University,11750.0,1289.0,43573.0,59459.0,1000+,1000+
Concordia University-Irvine,2055.0,373.0,29630.0,43550.0,1000+,1000+
San Diego Christian College,561.0,99.0,25888.0,40252.0,1000+,1000+
Claremont McKenna College,5518.0,337.0,45625.0,62010.0,1000+,1000+
Dominican University of California,2322.0,305.0,40600.0,58860.0,1000+,1000+
Fresno Pacific University,705.0,212.0,25716.0,36991.0,1000+,1000+
Harvey Mudd College,3539.0,217.0,46509.0,63860.0,1000+,1000+
Holy Names University,561.0,87.0,33020.0,49041.0,1000+,1000+
Humboldt State University,9978.0,1237.0,7144.0,33716.0,1000+,1000+
American Jewish University,100.0,23.0,27900.0,46869.0,1000+,1000+
University of La Verne,6989.0,623.0,35000.0,51997.0,1000+,1000+
La Sierra University,3479.0,477.0,29103.0,41490.0,1000+,1000+
The Master's College and Seminary,849.0,209.0,28800.0,42147.0,1000+,1000+
Loyola Marymount University,11472.0,1341.0,40265.0,57379.0,1000+,1000+
Menlo College,4100.0,139.0,37100.0,53834.0,1000+,1000+
Mills College,1827.0,217.0,41494.0,56812.0,1000+,1000+
Mount St Mary's College,2316.0,559.0,33852.0,51100.0,1000+,1000+
Notre Dame de Namur University,1922.0,172.0,31126.0,49038.0,1000+,1000+
Occidental College,6072.0,548.0,46652.0,63363.0,1000+,1000+
Hope International University,408.0,78.0,26050.0,39537.0,1000+,1000+
Pacific Union College,2103.0,335.0,27480.0,39852.0,1000+,1000+
University of the Pacific,14222.0,958.0,39810.0,57033.0,1000+,1000+
Pepperdine University,9721.0,784.0,44902.0,61192.0,1000+,1000+
Pitzer College,4115.0,261.0,45018.0,61416.0,1000+,1000+
Point Loma Nazarene University,3138.0,647.0,30356.0,44593.0,1000+,1000+
Pomona College,7153.0,397.0,43580.0,59730.0,1000+,1000+
University of Redlands,4668.0,673.0,41290.0,58559.0,1000+,1000+
San Diego State University,51163.0,4139.0,6766.0,36228.0,501-600,top 1000
University of San Diego,14693.0,1238.0,41392.0,58189.0,1000+,1000+
San Francisco State University,31462.0,3807.0,6450.0,34988.0,1000+,1000+
University of San Francisco,14808.0,1148.0,40294.0,58384.0,1000+,1000+
San Jose State University,25155.0,3384.0,7343.0,34789.0,1000+,1000+
Santa Clara University,14339.0,1278.0,42156.0,59589.0,1000+,1000+
Scripps College,2378.0,272.0,45564.0,61370.0,1000+,1000+
Simpson University,573.0,150.0,23300.0,35324.0,1000+,1000+
Saint Mary's College of California,4864.0,622.0,39890.0,58365.0,1000+,1000+
Sonoma State University,13142.0,1749.0,7234.0,34455.0,1000+,1000+
Vanguard University of Southern California,1495.0,392.0,29250.0,43076.0,1000+,1000+
University of Southern California,47358.0,2922.0,46298.0,62180.0,53,top 1000
Thomas Aquinas College,178.0,88.0,24500.0,35716.0,1000+,1000+
Westmont College,2145.0,298.0,38510.0,53670.0,1000+,1000+
Whittier College,4381.0,446.0,40296.0,53700.0,1000+,1000+
Woodbury University,879.0,118.0,33150.0,48512.0,1000+,1000+
Adams State University,2658.0,519.0,7449.0,30323.0,1000+,1000+
University of Colorado Denver,3075.0,991.0,7933.0,38679.0,1000+,1000+
University of Colorado Colorado Springs,7034.0,1616.0,7024.0,31837.0,1000+,1000+
University of Colorado Boulder,22473.0,5846.0,10347.0,50655.0,51,top 1000
Colorado Christian University,1186.0,447.0,25046.0,38130.0,1000+,1000+
Colorado College,5780.0,522.0,44222.0,57400.0,1000+,1000+
Colorado School of Mines,11682.0,949.0,16485.0,46533.0,701-800,top 1000
Colorado State University-Fort Collins,17970.0,4443.0,9313.0,39056.0,1000+,1000+
University of Denver,13735.0,1413.0,40707.0,56077.0,1000+,1000+
Fort Lewis College,2560.0,876.0,6923.0,33233.0,1000+,1000+
Colorado Mesa University,6459.0,2214.0,6725.0,29752.0,1000+,1000+
Naropa University,79.0,38.0,28790.0,43620.0,1000+,1000+
University of Northern Colorado,7602.0,1939.0,6968.0,31803.0,1000+,1000+
Regis University,3006.0,531.0,32424.0,46326.0,1000+,1000+
Colorado State University-Pueblo,3147.0,916.0,7327.0,31260.0,1000+,1000+
Western State Colorado University,1514.0,473.0,7343.0,29986.0,1000+,1000+
Albertus Magnus College,689.0,132.0,28378.0,47302.0,1000+,1000+
University of Bridgeport,5248.0,542.0,29090.0,50043.0,1000+,1000+
Central Connecticut State University,5551.0,1293.0,8706.0,34702.0,1000+,1000+
Connecticut College,4837.0,503.0,46085.0,60780.0,1000+,1000+
University of Connecticut,27479.0,3755.0,12022.0,46192.0,301-400,top 1000
Eastern Connecticut State University,5112.0,985.0,9376.0,35899.0,1000+,1000+
Fairfield University,9254.0,990.0,42920.0,58730.0,1000+,1000+
University of Hartford,15127.0,1267.0,33358.0,48170.0,1000+,1000+
Mitchell College,1162.0,178.0,29458.0,46750.0,1000+,1000+
University of New Haven,10169.0,1174.0,33740.0,50210.0,1000+,1000+
Quinnipiac University,20699.0,1803.0,39330.0,55780.0,1000+,1000+
Sacred Heart University,7781.0,865.0,35050.0,53569.0,1000+,1000+
University of Saint Joseph,860.0,153.0,33417.0,49923.0,1000+,1000+
Southern Connecticut State University,4870.0,1380.0,9020.0,34411.0,1000+,1000+
Trinity College,7652.0,604.0,47510.0,62310.0,1000+,1000+
Wesleyan University,10046.0,752.0,47244.0,62849.0,1000+,1000+
Western Connecticut State University,3613.0,797.0,8893.0,34931.0,1000+,1000+
Yale University,28977.0,1356.0,44000.0,61620.0,11,top 1000
Delaware State University,8884.0,1036.0,7336.0,29937.0,1000+,1000+
University of Delaware,25458.0,4224.0,12112.0,43432.0,201-300,top 1000
Wesley College,2933.0,556.0,23590.0,38230.0,1000+,1000+
American University,17545.0,1627.0,40649.0,56808.0,1000+,1000+
Catholic University of America,6298.0,837.0,38526.0,56842.0,1000+,1000+
Gallaudet University,520.0,201.0,13800.0,31988.0,1000+,1000+
George Washington University,21756.0,2387.0,47343.0,61446.0,1000+,1000+
Georgetown University,20115.0,1570.0,44805.0,62179.0,401-500,top 1000
Howard University,11687.0,1394.0,22683.0,41643.0,1000+,1000+
Trinity Washington University,1493.0,276.0,21630.0,34470.0,1000+,1000+
Barry University,7845.0,576.0,28160.0,45100.0,1000+,1000+
Bethune-Cookman University,7429.0,1022.0,14410.0,27058.0,1000+,1000+
Lynn University,2697.0,456.0,33600.0,49535.0,1000+,1000+
University of Central Florida,31820.0,6068.0,6317.0,36938.0,301-400,top 1000
Clearwater Christian College,468.0,126.0,17125.0,30125.0,1000+,1000+
Eckerd College,3912.0,534.0,37362.0,51796.0,1000+,1000+
Edward Waters College,1907.0,208.0,11525.0,23833.0,1000+,1000+
Embry-Riddle Aeronautical University-Daytona Beach,4074.0,944.0,31334.0,46614.0,1000+,1000+
Florida Agricultural and Mechanical University,5029.0,1145.0,5785.0,31485.0,1000+,1000+
Florida Atlantic University,24889.0,3479.0,4790.0,34027.0,901-1000,top 1000
Flagler College-St Augustine,5396.0,708.0,16180.0,29560.0,1000+,1000+
Florida College,383.0,196.0,14490.0,26750.0,1000+,1000+
Florida Institute of Technology,7820.0,783.0,36020.0,52690.0,1000+,1000+
Florida International University,16549.0,2990.0,6496.0,35367.0,401-500,top 1000
Florida Memorial University,4960.0,432.0,14776.0,26588.0,1000+,1000+
Florida Southern College,4963.0,635.0,28580.0,40700.0,1000+,1000+
Florida State University,29579.0,6048.0,6507.0,36709.0,201-300,top 1000
University of Florida,27107.0,6373.0,6263.0,41381.0,94,top 1000
Jacksonville University,3498.0,528.0,29900.0,44670.0,1000+,1000+
University of Miami,28907.0,2140.0,42852.0,60906.0,201-300,top 1000
University of North Florida,10635.0,1615.0,6353.0,34978.0,1000+,1000+
Nova Southeastern University,4328.0,673.0,25430.0,43580.0,1000+,1000+
Palm Beach Atlantic University,1618.0,587.0,25532.0,39302.0,1000+,1000+
Rollins College,4729.0,477.0,41460.0,59438.0,1000+,1000+
Saint Leo University,3178.0,645.0,19920.0,33200.0,1000+,1000+
University of South Florida-Main Campus,28512.0,3904.0,6410.0,31674.0,1000+,1000+
St Thomas University,727.0,210.0,26370.0,41649.0,1000+,1000+
Stetson University,10509.0,852.0,38330.0,53712.0,1000+,1000+
Southeastern University,2124.0,865.0,19986.0,32234.0,1000+,1000+
The University of Tampa,15345.0,1592.0,25772.0,39375.0,1000+,1000+
Warner University,1264.0,179.0,18430.0,29879.0,1000+,1000+
Webber International University,944.0,207.0,21050.0,37173.0,1000+,1000+
The University of West Florida,12347.0,1333.0,6357.0,32618.0,1000+,1000+
Agnes Scott College,1340.0,254.0,34788.0,47323.0,1000+,1000+
Albany State University,8250.0,501.0,6024.0,31792.0,1000+,1000+
Armstrong Atlantic State University,3118.0,1128.0,5085.0,31135.0,1000+,1000+
Point University,934.0,238.0,17400.0,27400.0,1000+,1000+
Clark Atlanta University,5873.0,781.0,21100.0,35471.0,1000+,1000+
Berry College,3901.0,672.0,29090.0,43834.0,1000+,1000+
Brenau University,2160.0,206.0,23350.0,38528.0,1000+,1000+
Brewton-Parker College,475.0,150.0,13560.0,24786.0,1000+,1000+
Clayton State University,2046.0,545.0,5153.0,28592.0,1000+,1000+
Columbus State University,3170.0,1045.0,5514.0,29662.0,1000+,1000+
Covenant College,1129.0,268.0,29100.0,40330.0,1000+,1000+
Emmanuel College,876.0,156.0,16800.0,26400.0,1000+,1000+
Emory University,17475.0,1363.0,44008.0,59908.0,101-150,top 1000
Fort Valley State University,4076.0,624.0,6438.0,32927.0,1000+,1000+
Georgia Institute of Technology-Main Campus,14645.0,3044.0,10650.0,42688.0,1000+,1000+
Georgia Southwestern State University,1245.0,376.0,5035.0,28825.0,1000+,1000+
Georgia College and State University,4051.0,1392.0,8790.0,41652.0,1000+,1000+
Georgia Southern University,10525.0,3604.0,6071.0,32335.0,1000+,1000+
Georgia State University,13890.0,3460.0,8368.0,39016.0,501-600,top 1000
University of Georgia,18458.0,4936.0,10262.0,40274.0,1000+,1000+
Kennesaw State University,9471.0,3194.0,5818.0,34739.0,1000+,1000+
LaGrange College,1648.0,271.0,25690.0,40288.0,1000+,1000+
Life University,809.0,212.0,7947.0,28077.0,1000+,1000+
Mercer University,3864.0,728.0,33120.0,48212.0,1000+,1000+
Morehouse College,2690.0,488.0,25468.0,47345.0,1000+,1000+
Oglethorpe University,4403.0,282.0,31280.0,46430.0,1000+,1000+
Paine College,2771.0,268.0,13332.0,23850.0,1000+,1000+
Piedmont College,850.0,255.0,20730.0,34090.0,1000+,1000+
Reinhardt University,1111.0,396.0,18670.0,32794.0,1000+,1000+
Savannah State University,2922.0,1301.0,5415.0,25935.0,1000+,1000+
Shorter University,1597.0,309.0,19670.0,33230.0,1000+,1000+
Spelman College,6081.0,523.0,24634.0,42879.0,1000+,1000+
Southern Polytechnic State University,1689.0,797.0,5732.0,29890.0,1000+,1000+
Thomas University,153.0,66.0,14740.0,24860.0,1000+,1000+
Toccoa Falls College,1253.0,178.0,19000.0,31792.0,1000+,1000+
Truett-McConnell College,470.0,204.0,16610.0,28410.0,1000+,1000+
Valdosta State University,5701.0,1734.0,5889.0,31671.0,1000+,1000+
Wesleyan College,779.0,117.0,19775.0,32375.0,1000+,1000+
University of West Georgia,7266.0,2214.0,5837.0,31365.0,1000+,1000+
Chaminade University of Honolulu,914.0,267.0,20090.0,35309.0,1000+,1000+
University of Hawaii at Hilo,1633.0,461.0,6536.0,29086.0,1000+,1000+
University of Hawaii at Manoa,6901.0,1981.0,9904.0,40564.0,301-400,top 1000
Hawaii Pacific University,4207.0,591.0,20180.0,36590.0,1000+,1000+
Boise State University,7832.0,2205.0,6292.0,33544.0,1000+,1000+
University of Idaho,7455.0,1643.0,6524.0,32674.0,601-700,top 1000
The College of Idaho,1116.0,292.0,24055.0,35456.0,1000+,1000+
Lewis-Clark State College,861.0,475.0,5786.0,27736.0,1000+,1000+
Northwest Nazarene University,1227.0,261.0,26550.0,36550.0,1000+,1000+
Brigham Young University-Idaho,6690.0,3448.0,3850.0,11398.0,1000+,1000+
Augustana College,5831.0,627.0,35835.0,47137.0,1000+,1000+
Aurora University,2536.0,646.0,20720.0,33228.0,1000+,1000+
Blackburn College,528.0,116.0,18506.0,26616.0,1000+,1000+
Bradley University,8969.0,1085.0,29664.0,42090.0,1000+,1000+
Chicago State University,5219.0,276.0,9032.0,29594.0,1000+,1000+
University of Chicago,30304.0,1426.0,47514.0,64988.0,10,top 1000
Columbia College-Chicago,8005.0,2161.0,22792.0,40677.0,1000+,1000+
Concordia University-Chicago,3692.0,376.0,27598.0,38862.0,1000+,1000+
DePaul University,19957.0,2425.0,33990.0,49367.0,1000+,1000+
Eastern Illinois University,7881.0,1333.0,11144.0,42118.0,1000+,1000+
Elmhurst College,2702.0,506.0,32920.0,46000.0,1000+,1000+
Eureka College,960.0,138.0,20060.0,30900.0,1000+,1000+
Greenville College,1723.0,277.0,23612.0,34641.0,1000+,1000+
University of Illinois at Chicago,14603.0,3104.0,13410.0,41710.0,301-400,top 1000
Benedictine University,2108.0,635.0,25516.0,37636.0,1000+,1000+
University of Illinois at Urbana-Champaign,33203.0,7329.0,14750.0,43468.0,49,top 1000
Illinois Wesleyan University,3556.0,529.0,39316.0,50352.0,1000+,1000+
Illinois College,2560.0,270.0,27800.0,39040.0,1000+,1000+
Illinois Institute of Technology,2840.0,465.0,40117.0,54677.0,901-1000,top 1000
Illinois State University,15354.0,2981.0,13010.0,33699.0,1000+,1000+
Judson University,737.0,201.0,27530.0,40020.0,1000+,1000+
Knox College,2660.0,380.0,38952.0,49252.0,1000+,1000+
Lake Forest College,3684.0,403.0,39842.0,52000.0,1000+,1000+
Lewis University,5432.0,694.0,26780.0,39335.0,1000+,1000+
Lincoln College,1101.0,371.0,17500.0,30014.0,1000+,1000+
Loyola University Chicago,14355.0,2512.0,35573.0,51273.0,901-1000,top 1000
MacMurray College,1027.0,120.0,22400.0,32550.0,1000+,1000+
McKendree University,1617.0,387.0,26050.0,38290.0,1000+,1000+
Millikin University,3906.0,451.0,28644.0,40694.0,1000+,1000+
Monmouth College,2973.0,392.0,31500.0,42050.0,1000+,1000+
North Central College,4082.0,529.0,32613.0,44769.0,1000+,1000+
North Park University,3961.0,373.0,23350.0,35050.0,1000+,1000+
Northern Illinois University,25914.0,2679.0,12976.0,37438.0,1000+,1000+
Northwestern University,32060.0,2037.0,45527.0,63193.0,30,top 1000
Olivet Nazarene University,3719.0,753.0,29890.0,41490.0,1000+,1000+
Quincy University,1078.0,275.0,25834.0,39114.0,1000+,1000+
Robert Morris University Illinois,4080.0,719.0,22800.0,39114.0,1000+,1000+
Rockford University,1074.0,113.0,26710.0,38853.0,1000+,1000+
Roosevelt University,3370.0,444.0,26500.0,44632.0,1000+,1000+
Dominican University,3502.0,497.0,28810.0,39918.0,1000+,1000+
University of St Francis,1706.0,237.0,27970.0,40290.0,1000+,1000+
Saint Xavier University,10513.0,594.0,28970.0,41772.0,1000+,1000+
University of Illinois at Springfield,1469.0,316.0,9178.0,29698.0,1000+,1000+
Southern Illinois University-Carbondale,11634.0,2612.0,12093.0,38032.0,1000+,1000+
Southern Illinois University-Edwardsville,7646.0,1966.0,9666.0,34013.0,1000+,1000+
Trinity Christian College,583.0,205.0,24435.0,36820.0,1000+,1000+
Trinity International University-Illinois,446.0,182.0,26830.0,39680.0,1000+,1000+
Western Illinois University,10554.0,1652.0,11767.0,29276.0,1000+,1000+
Wheaton College,1959.0,598.0,30880.0,42390.0,1000+,1000+
Anderson University,2734.0,444.0,26280.0,39390.0,1000+,1000+
Ball State University,17118.0,3616.0,9160.0,37214.0,1000+,1000+
Bethel College-Indiana,1242.0,250.0,24970.0,35430.0,1000+,1000+
Butler University,9357.0,1015.0,34368.0,49698.0,1000+,1000+
DePauw University,5086.0,641.0,40640.0,53290.0,1000+,1000+
Earlham College,1890.0,254.0,41450.0,52710.0,1000+,1000+
University of Evansville,2935.0,543.0,30596.0,44370.0,1000+,1000+
Franklin College,2221.0,296.0,27695.0,40035.0,1000+,1000+
Goshen College,770.0,167.0,28500.0,40760.0,1000+,1000+
Grace College and Theological Seminary,3450.0,347.0,23970.0,33940.0,1000+,1000+
Hanover College,3174.0,334.0,31760.0,44150.0,1000+,1000+
Holy Cross College,715.0,157.0,25450.0,37484.0,1000+,1000+
Huntington University,784.0,227.0,24040.0,35520.0,1000+,1000+
Indiana University-Purdue University-Fort Wayne,3702.0,1660.0,7013.0,33313.0,1000+,1000+
Indiana University-Purdue University-Indianapolis,12230.0,3796.0,8756.0,42495.0,1000+,1000+
University of Indianapolis,5313.0,830.0,24660.0,38378.0,1000+,1000+
University of Southern Indiana,6204.0,1709.0,6698.0,28423.0,1000+,1000+
Indiana State University,11019.0,2661.0,8256.0,30355.0,1000+,1000+
Indiana University-South Bend,2456.0,921.0,6816.0,30042.0,1000+,1000+
Indiana University-Bloomington,37826.0,7604.0,10209.0,45961.0,1000+,1000+
Indiana University-Southeast,2097.0,1026.0,6700.0,30688.0,1000+,1000+
Manchester University,2195.0,359.0,27920.0,39742.0,1000+,1000+
Marian University,2064.0,338.0,28400.0,41219.0,1000+,1000+
Indiana Wesleyan University,3441.0,1437.0,23628.0,34588.0,1000+,1000+
University of Notre Dame,17647.0,2070.0,44605.0,60117.0,301-400,top 1000
Oakland City University,652.0,108.0,19200.0,30800.0,1000+,1000+
Purdue University-Calumet Campus,2591.0,827.0,6624.0,29563.0,1000+,1000+
University of Saint Francis-Fort Wayne,1908.0,388.0,25180.0,36492.0,1000+,1000+
Saint Josephs College,1639.0,273.0,27350.0,38050.0,1000+,1000+
Saint Mary-of-the-Woods College,325.0,64.0,27672.0,42362.0,1000+,1000+
Saint Mary's College,1529.0,437.0,34600.0,47660.0,1000+,1000+
Taylor University,1637.0,459.0,28753.0,39742.0,1000+,1000+
Trine University,2867.0,421.0,28850.0,45250.0,1000+,1000+
Valparaiso University,6124.0,876.0,33480.0,45860.0,1000+,1000+
Buena Vista University,1409.0,269.0,29448.0,40589.0,1000+,1000+
Central College,2842.0,309.0,30700.0,45151.0,1000+,1000+
Clarke University,1250.0,181.0,28000.0,40800.0,1000+,1000+
Coe College,2972.0,390.0,35730.0,47260.0,1000+,1000+
Cornell College,2204.0,261.0,36430.0,48905.0,1000+,1000+
Dordt College,1355.0,381.0,26540.0,38800.0,1000+,1000+
Drake University,5930.0,850.0,30889.0,44349.0,1000+,1000+
University of Dubuque,1457.0,447.0,25520.0,35530.0,1000+,1000+
Graceland University-Lamoni,1981.0,326.0,23530.0,35380.0,1000+,1000+
Grand View University,807.0,298.0,22628.0,33616.0,1000+,1000+
Grinnell College,3979.0,423.0,43656.0,56354.0,1000+,1000+
Iowa State University,16539.0,5366.0,7726.0,31472.0,501-600,top 1000
Iowa Wesleyan College,1319.0,103.0,25550.0,38738.0,1000+,1000+
University of Iowa,21642.0,4460.0,8061.0,39561.0,201-300,top 1000
Loras College,1873.0,414.0,28852.0,39077.0,1000+,1000+
Luther College,3490.0,628.0,37530.0,48435.0,1000+,1000+
Maharishi University of Management,74.0,19.0,26430.0,38630.0,1000+,1000+
Morningside College,3721.0,367.0,25990.0,38308.0,1000+,1000+
Mount Mercy University,542.0,154.0,26310.0,39075.0,1000+,1000+
University of Northern Iowa,4068.0,1722.0,7685.0,29376.0,1000+,1000+
Northwestern College,1221.0,284.0,26764.0,39236.0,1000+,1000+
Saint Ambrose University,2897.0,562.0,26740.0,40146.0,1000+,1000+
Simpson College,1302.0,377.0,30999.0,43350.0,1000+,1000+
Upper Iowa University,1229.0,218.0,24400.0,35910.0,1000+,1000+
Wartburg College,2268.0,451.0,34250.0,45305.0,1000+,1000+
William Penn University,836.0,264.0,23210.0,33706.0,1000+,1000+
Baker University,870.0,235.0,25580.0,39407.0,1000+,1000+
Benedictine College,3515.0,494.0,23900.0,37855.0,1000+,1000+
Bethany College,1139.0,184.0,23305.0,35205.0,1000+,1000+
Bethel College-North Newton,854.0,123.0,23500.0,35170.0,1000+,1000+
Central Christian College of Kansas,662.0,131.0,14800.0,24500.0,1000+,1000+
Emporia State University,2452.0,696.0,5614.0,29031.0,1000+,1000+
Fort Hays State University,2511.0,1063.0,4358.0,24873.0,1000+,1000+
Friends University,737.0,184.0,23430.0,36005.0,1000+,1000+
University of Kansas,12389.0,3771.0,10107.0,37043.0,201-300,top 1000
Newman University,2348.0,165.0,23650.0,34408.0,1000+,1000+
Kansas State University,9839.0,3821.0,8585.0,34276.0,501-600,top 1000
Kansas Wesleyan University,689.0,151.0,23800.0,36400.0,1000+,1000+
McPherson College,642.0,170.0,22891.0,35477.0,1000+,1000+
MidAmerica Nazarene University,1012.0,198.0,22290.0,33687.0,1000+,1000+
Ottawa University-Ottawa,267.0,145.0,23964.0,36482.0,1000+,1000+
Pittsburg State University,3073.0,1144.0,5906.0,27176.0,1000+,1000+
University of Saint Mary,767.0,109.0,23170.0,34536.0,1000+,1000+
Southwestern College,436.0,128.0,23886.0,37632.0,1000+,1000+
Sterling College,883.0,169.0,21200.0,30652.0,1000+,1000+
Tabor College,517.0,159.0,22730.0,36750.0,1000+,1000+
Wichita State University,3492.0,1412.0,6926.0,25431.0,1000+,1000+
Alice Lloyd College,3656.0,189.0,10620.0,21800.0,1000+,1000+
Asbury University,1211.0,322.0,26076.0,35494.0,1000+,1000+
Bellarmine University,4160.0,676.0,34890.0,52574.0,1000+,1000+
Berea College,1620.0,397.0,23170.0,31870.0,1000+,1000+
Brescia University,3582.0,150.0,19640.0,30390.0,501-600,top 1000
Campbellsville University,2649.0,525.0,22196.0,33628.0,1000+,1000+
Centre College,2533.0,377.0,36020.0,48020.0,1000+,1000+
University of the Cumberlands,2527.0,488.0,20000.0,33500.0,1000+,1000+
Eastern Kentucky University,9932.0,2306.0,7536.0,28032.0,1000+,1000+
Georgetown College,1735.0,238.0,32310.0,44110.0,1000+,1000+
Kentucky State University,6399.0,506.0,6276.0,26302.0,1000+,1000+
Kentucky Wesleyan College,1006.0,163.0,21200.0,32190.0,1000+,1000+
University of Kentucky,19810.0,4702.0,10110.0,34814.0,301-400,top 1000
Kentucky Christian University,590.0,135.0,17418.0,30256.0,1000+,1000+
University of Louisville,9166.0,2857.0,9946.0,36684.0,701-800,top 1000
Mid-Continent University,458.0,201.0,8673.0,26041.0,1000+,1000+
Midway College,446.0,115.0,22150.0,37650.0,1000+,1000+
Morehead State University,5230.0,1649.0,7498.0,30099.0,1000+,1000+
Murray State University,4576.0,1626.0,7044.0,31018.0,1000+,1000+
Northern Kentucky University,7064.0,2107.0,8376.0,27274.0,1000+,1000+
University of Pikeville,1804.0,386.0,17750.0,33750.0,1000+,1000+
Spalding University,1094.0,402.0,22425.0,37439.0,1000+,1000+
Thomas More College,1053.0,264.0,27345.0,38621.0,1000+,1000+
Transylvania University,1326.0,294.0,31560.0,43640.0,1000+,1000+
Union College,1424.0,242.0,22000.0,33740.0,1000+,1000+
Western Kentucky University,8526.0,3375.0,8722.0,32348.0,1000+,1000+
Centenary College of Louisiana,670.0,128.0,30740.0,44600.0,1000+,1000+
Dillard University,4726.0,229.0,16094.0,30358.0,1000+,1000+
Grambling State University,4545.0,714.0,5950.0,31888.0,1000+,1000+
Louisiana State University-Alexandria,1080.0,391.0,5337.0,21658.0,1000+,1000+
Louisiana State University and Agricultural & Mechanical College,16169.0,5725.0,7873.0,41144.0,1000+,1000+
Louisiana College,904.0,266.0,14120.0,23390.0,1000+,1000+
Louisiana Tech University,5077.0,1552.0,7302.0,30066.0,1000+,1000+
Loyola University New Orleans,4827.0,624.0,36860.0,51760.0,1000+,1000+
McNeese State University,3624.0,1313.0,5701.0,28661.0,1000+,1000+
University of New Orleans,3197.0,860.0,6578.0,32315.0,1000+,1000+
Nicholls State University,2404.0,1243.0,6468.0,28671.0,1000+,1000+
University of Louisiana at Monroe,3454.0,1325.0,6318.0,27822.0,1000+,1000+
Northwestern State University of Louisiana,2812.0,1231.0,6207.0,28556.0,1000+,1000+
Southeastern Louisiana University,7657.0,2565.0,5715.0,29168.0,1000+,1000+
Southern University and A & M College,3721.0,781.0,6630.0,20526.0,1000+,1000+
Southern University at New Orleans,1563.0,684.0,4911.0,16191.0,1000+,1000+
University of Louisiana at Lafayette,8506.0,2693.0,6192.0,28585.0,1000+,1000+
Tulane University of Louisiana,30122.0,1609.0,46930.0,61178.0,1000+,1000+
Xavier University of Louisiana,4703.0,675.0,20560.0,31501.0,1000+,1000+
College of the Atlantic,452.0,104.0,38952.0,49890.0,1000+,1000+
Bates College,5243.0,500.0,45650.0,61000.0,1000+,1000+
Bowdoin College,7052.0,497.0,45446.0,59900.0,1000+,1000+
Colby College,5407.0,483.0,45760.0,59110.0,1000+,1000+
Husson University,1581.0,444.0,15130.0,26286.0,1000+,1000+
University of Maine at Farmington,1638.0,439.0,9167.0,30513.0,1000+,1000+
University of Maine at Fort Kent,464.0,162.0,7575.0,28755.0,1000+,1000+
University of Maine at Machias,452.0,104.0,7490.0,30848.0,1000+,1000+
University of Maine,8306.0,1997.0,10600.0,41082.0,401-500,top 1000
Maine Maritime Academy,791.0,225.0,11950.0,34918.0,1000+,1000+
University of New England,4231.0,633.0,33145.0,50295.0,801-900,top 1000
Saint Joseph's College of Maine,1580.0,290.0,30990.0,45790.0,1000+,1000+
University of Southern Maine,3902.0,868.0,8920.0,36422.0,1000+,1000+
Thomas College,1074.0,269.0,22770.0,35494.0,1000+,1000+
Unity College,519.0,146.0,25000.0,35864.0,1000+,1000+
Bowie State University,3986.0,627.0,6971.0,30674.0,1000+,1000+
Washington Adventist University,1455.0,134.0,21020.0,31220.0,1000+,1000+
Coppin State University,5980.0,446.0,6252.0,24025.0,1000+,1000+
Frostburg State University,3872.0,895.0,7728.0,30694.0,1000+,1000+
Goucher College,3615.0,410.0,39084.0,52908.0,1000+,1000+
Hood College,1686.0,281.0,33280.0,48830.0,1000+,1000+
Johns Hopkins University,21336.0,1390.0,45470.0,61502.0,14,top 1000
Loyola University Maryland,13604.0,1096.0,43250.0,58578.0,1000+,1000+
University of Maryland-Baltimore County,9755.0,1657.0,10068.0,36336.0,1000+,1000+
University of Maryland-College Park,26247.0,4020.0,9162.0,42920.0,50,top 1000
University of Maryland Eastern Shore,4073.0,610.0,6998.0,29960.0,1000+,1000+
Morgan State University,4801.0,899.0,7218.0,31683.0,1000+,1000+
Mount St Mary's University,4943.0,429.0,34644.0,48858.0,1000+,1000+
Notre Dame of Maryland University,838.0,104.0,32050.0,45650.0,1000+,1000+
Salisbury University,8912.0,1246.0,8128.0,30714.0,1000+,1000+
St Mary's College of Maryland,1985.0,419.0,14864.0,43399.0,1000+,1000+
St John's College,342.0,126.0,46296.0,58630.0,1000+,1000+
Towson University,17750.0,2748.0,8342.0,34844.0,1000+,1000+
Stevenson University,5318.0,752.0,27082.0,43556.0,1000+,1000+
Washington College,4786.0,350.0,41120.0,54312.0,1000+,1000+
McDaniel College,2942.0,453.0,36960.0,48300.0,1000+,1000+
American International College,1928.0,346.0,30040.0,44900.0,1000+,1000+
Amherst College,7927.0,466.0,46574.0,61544.0,901-1000,top 1000
Anna Maria College,2081.0,243.0,32134.0,48146.0,1000+,1000+
Assumption College,4659.0,502.0,34975.0,48521.0,1000+,1000+
Bay Path College,908.0,135.0,29959.0,44559.0,1000+,1000+
Becker College,3936.0,361.0,31500.0,47160.0,1000+,1000+
Bentley University,7493.0,974.0,41110.0,56930.0,1000+,1000+
Boston College,24538.0,2215.0,45622.0,60706.0,401-500,top 1000
Boston University,44006.0,3877.0,44880.0,61446.0,101-150,top 1000
Brandeis University,9496.0,833.0,45856.0,61070.0,301-400,top 1000
Bridgewater State University,5920.0,1476.0,8053.0,28893.0,1000+,1000+
Clark University,5551.0,621.0,39550.0,48770.0,1000+,1000+
Curry College,6780.0,643.0,34715.0,50845.0,1000+,1000+
Eastern Nazarene College,941.0,165.0,27922.0,38522.0,1000+,1000+
Emerson College,8198.0,863.0,35730.0,53554.0,1000+,1000+
Emmanuel College,6623.0,515.0,34670.0,51363.0,1000+,1000+
Endicott College,3675.0,629.0,28926.0,45536.0,1000+,1000+
Fisher College,2412.0,239.0,27575.0,46840.0,1000+,1000+
Fitchburg State University,3528.0,759.0,8985.0,26770.0,1000+,1000+
Framingham State University,5433.0,826.0,8080.0,28884.0,1000+,1000+
Gordon College,4009.0,481.0,33230.0,44860.0,1000+,1000+
Hampshire College,2856.0,361.0,46625.0,60155.0,1000+,1000+
Harvard University,35023.0,1659.0,42292.0,59950.0,1,top 1000
College of the Holy Cross,7115.0,722.0,44272.0,57832.0,1000+,1000+
Lasell College,3584.0,485.0,30000.0,46000.0,1000+,1000+
Lesley University,2605.0,316.0,32375.0,49765.0,1000+,1000+
University of Massachusetts-Lowell,9126.0,1648.0,12097.0,39010.0,1000+,1000+
University of Massachusetts-Amherst,36012.0,4672.0,13443.0,40998.0,1000+,1000+
Massachusetts Institute of Technology,18989.0,1115.0,43498.0,59020.0,3,top 1000
Massachusetts Maritime Academy,787.0,300.0,7127.0,36979.0,1000+,1000+
Merrimack College,6314.0,794.0,35085.0,49685.0,1000+,1000+
Mount Holyoke College,3732.0,527.0,41456.0,55496.0,1000+,1000+
Mount Ida College,2371.0,307.0,29377.0,44945.0,1000+,1000+
Newbury College,4915.0,270.0,28950.0,44550.0,1000+,1000+
Nichols College,2499.0,414.0,32370.0,46690.0,1000+,1000+
Massachusetts College of Liberal Arts,1689.0,313.0,8525.0,30308.0,1000+,1000+
Northeastern University,47364.0,2891.0,41686.0,58096.0,1000+,1000+
College of Our Lady of the Elms,993.0,198.0,30132.0,44612.0,1000+,1000+
Pine Manor College,535.0,119.0,24930.0,40870.0,1000+,1000+
Salem State University,4855.0,1095.0,8130.0,28224.0,1000+,1000+
Simmons College,4239.0,339.0,35380.0,52610.0,1000+,1000+
Bard College at Simon's Rock,218.0,145.0,46713.0,61403.0,1000+,1000+
Smith College,4403.0,643.0,43114.0,60167.0,1000+,1000+
Springfield College,2231.0,513.0,32560.0,46480.0,1000+,1000+
University of Massachusetts-Dartmouth,8063.0,1443.0,11681.0,37830.0,1000+,1000+
Stonehill College,6548.0,610.0,36160.0,52370.0,1000+,1000+
Suffolk University,9275.0,1188.0,31716.0,49979.0,1000+,1000+
Tufts University,18419.0,1314.0,46598.0,61000.0,151-200,top 1000
Wellesley College,4765.0,595.0,43554.0,59092.0,1000+,1000+
Wentworth Institute of Technology,6146.0,900.0,29200.0,46750.0,1000+,1000+
Western New England University,5988.0,697.0,33020.0,48890.0,1000+,1000+
Westfield State University,5137.0,1288.0,8694.0,27376.0,1000+,1000+
Wheaton College,3944.0,466.0,45074.0,58574.0,1000+,1000+
Wheelock College,1570.0,217.0,31880.0,47870.0,1000+,1000+
Williams College,7069.0,547.0,46600.0,61850.0,1000+,1000+
Worcester Polytechnic Institute,8578.0,1103.0,42778.0,58060.0,1000+,1000+
Worcester State University,4149.0,780.0,8157.0,28798.0,1000+,1000+
Adrian College,4675.0,496.0,30758.0,42740.0,1000+,1000+
Albion College,4430.0,346.0,36051.0,48195.0,1000+,1000+
Alma College,2699.0,376.0,32660.0,44287.0,1000+,1000+
Andrews University,2551.0,388.0,25470.0,35538.0,1000+,1000+
Aquinas College,2789.0,391.0,26460.0,38012.0,1000+,1000+
Calvin College,4003.0,1006.0,28250.0,41195.0,1000+,1000+
Central Michigan University,19262.0,2963.0,11220.0,34454.0,1000+,1000+
Concordia University-Ann Arbor,1150.0,188.0,23563.0,35693.0,1000+,1000+
Davenport University,1385.0,581.0,14096.0,26872.0,1000+,1000+
University of Detroit Mercy,3670.0,481.0,35920.0,52400.0,1000+,1000+
Eastern Michigan University,11929.0,2636.0,9364.0,36301.0,1000+,1000+
Ferris State University,10718.0,2006.0,10466.0,28134.0,1000+,1000+
Kettering University,2140.0,372.0,35600.0,51277.0,1000+,1000+
Grace Bible College,346.0,136.0,12235.0,21949.0,1000+,1000+
Cornerstone University,2349.0,362.0,24168.0,35922.0,1000+,1000+
Grand Valley State University,18122.0,4078.0,10716.0,27104.0,1000+,1000+
Hope College,4161.0,822.0,28720.0,40050.0,1000+,1000+
Kalamazoo College,2528.0,454.0,39450.0,50800.0,1000+,1000+
Lake Superior State University,1481.0,418.0,9960.0,26708.0,1000+,1000+
Lawrence Technological University,1819.0,341.0,28948.0,43061.0,1000+,1000+
Madonna University,1089.0,191.0,16340.0,27944.0,1000+,1000+
Marygrove College,916.0,182.0,19850.0,30730.0,1000+,1000+
Rochester College,1171.0,149.0,19920.0,28890.0,1000+,1000+
University of Michigan-Ann Arbor,46813.0,6200.0,13142.0,53490.0,28,top 1000
Michigan State University,31479.0,8061.0,12862.0,45536.0,151-200,top 1000
Michigan Technological University,4520.0,1153.0,13728.0,41255.0,801-900,top 1000
University of Michigan-Flint,3003.0,724.0,9356.0,31908.0,1000+,1000+
Northern Michigan University,6743.0,1680.0,9037.0,25349.0,1000+,1000+
Oakland University,12019.0,2569.0,10613.0,35011.0,1000+,1000+
Olivet College,1995.0,301.0,23021.0,34181.0,1000+,1000+
Kuyper College,152.0,37.0,18454.0,27970.0,1000+,1000+
Saginaw Valley State University,6057.0,1593.0,8423.0,30534.0,1000+,1000+
Siena Heights University,1422.0,300.0,21890.0,34014.0,1000+,1000+
Spring Arbor University,2698.0,368.0,23400.0,34046.0,1000+,1000+
Finlandia University,872.0,109.0,20480.0,32220.0,1000+,1000+
Wayne State University,11524.0,2167.0,11094.0,36206.0,501-600,top 1000
Western Michigan University,14621.0,3190.0,10355.0,36004.0,1000+,1000+
Augsburg College,2072.0,380.0,33209.0,45465.0,1000+,1000+
Bemidji State University,3606.0,838.0,8124.0,18940.0,1000+,1000+
Bethany Lutheran College,531.0,147.0,24080.0,34150.0,1000+,1000+
Bethel University,2118.0,612.0,31760.0,44300.0,1000+,1000+
Carleton College,7045.0,527.0,46167.0,60425.0,1000+,1000+
Concordia College at Moorhead,2493.0,684.0,32814.0,42964.0,1000+,1000+
Concordia University-Saint Paul,1359.0,287.0,19700.0,30850.0,1000+,1000+
Martin Luther College,209.0,164.0,12300.0,21560.0,1000+,1000+
Gustavus Adolphus College,4804.0,610.0,39120.0,50110.0,1000+,1000+
Hamline University,3427.0,536.0,35108.0,46398.0,1000+,1000+
Macalester College,6683.0,555.0,45388.0,57478.0,1000+,1000+
Minnesota State University-Mankato,9938.0,2456.0,7557.0,25041.0,1000+,1000+
University of Minnesota-Twin Cities,43048.0,5544.0,13555.0,31531.0,44,top 1000
University of Minnesota-Crookston,762.0,213.0,11448.0,22722.0,1000+,1000+
University of Minnesota-Duluth,7074.0,2054.0,12815.0,27020.0,1000+,1000+
University of Minnesota-Morris,2649.0,469.0,12584.0,23206.0,1000+,1000+
Minnesota State University-Moorhead,3562.0,989.0,7816.0,25898.0,1000+,1000+
North Central University,501.0,246.0,19996.0,30248.0,1000+,1000+
University of Northwestern-St Paul,1945.0,466.0,28020.0,40120.0,1000+,1000+
College of Saint Benedict,2077.0,538.0,37926.0,49970.0,1000+,1000+
Saint Cloud State University,5638.0,1703.0,7514.0,26644.0,1000+,1000+
Saint Johns University,1747.0,497.0,37162.0,48546.0,1000+,1000+
Saint Mary's University of Minnesota,1551.0,318.0,29315.0,39750.0,1000+,1000+
St Olaf College,4011.0,752.0,40700.0,51860.0,1000+,1000+
Crown College,1049.0,210.0,22430.0,35080.0,1000+,1000+
The College of Saint Scholastica,1810.0,432.0,31612.0,43008.0,1000+,1000+
University of St Thomas,5540.0,1368.0,35308.0,48400.0,1000+,1000+
St Catherine University,3071.0,443.0,34744.0,47012.0,1000+,1000+
Southwest Minnesota State University,2076.0,453.0,8074.0,19576.0,1000+,1000+
Winona State University,7212.0,1650.0,8730.0,26290.0,1000+,1000+
Alcorn State University,2265.0,575.0,6108.0,20984.0,1000+,1000+
Belhaven University,2280.0,281.0,19970.0,34472.0,1000+,1000+
Blue Mountain College,585.0,83.0,9470.0,17550.0,1000+,1000+
Delta State University,472.0,343.0,6562.0,18887.0,1000+,1000+
Jackson State University,5325.0,1103.0,6348.0,29844.0,1000+,1000+
Millsaps College,1901.0,171.0,32520.0,46680.0,1000+,1000+
University of Mississippi,14258.0,3582.0,6760.0,33412.0,801-900,top 1000
Mississippi University for Women,1274.0,184.0,5640.0,26543.0,1000+,1000+
Mississippi Valley State University,6229.0,493.0,5916.0,18552.0,1000+,1000+
Mississippi College,1936.0,598.0,14868.0,27611.0,1000+,1000+
Mississippi State University,11191.0,3156.0,6772.0,31858.0,501-600,top 1000
Rust College,3152.0,287.0,8900.0,15400.0,1000+,1000+
University of Southern Mississippi,6120.0,1746.0,6744.0,28174.0,1000+,1000+
Tougaloo College,2661.0,153.0,10227.0,20757.0,1000+,1000+
William Carey University,771.0,182.0,10800.0,25500.0,1000+,1000+
Avila University,1629.0,182.0,24950.0,36414.0,1000+,1000+
Central Methodist University-College of Liberal Arts and Sciences,1285.0,291.0,21320.0,32970.0,1000+,1000+
University of Central Missouri,4611.0,1769.0,7265.0,25193.0,1000+,1000+
Culver-Stockton College,2040.0,220.0,23300.0,34952.0,1000+,1000+
Drury University,1076.0,325.0,22295.0,34719.0,1000+,1000+
Evangel University,1379.0,460.0,20040.0,32183.0,1000+,1000+
Fontbonne University,676.0,160.0,22684.0,33896.0,1000+,1000+
Hannibal-LaGrange University,703.0,173.0,18770.0,29258.0,1000+,1000+
Lindenwood University,3379.0,1369.0,15150.0,31140.0,1000+,1000+
Maryville University of Saint Louis,1595.0,409.0,25002.0,41918.0,1000+,1000+
Missouri Baptist University,840.0,265.0,21790.0,33313.0,1000+,1000+
Missouri Southern State University,1726.0,808.0,5376.0,20219.0,1000+,1000+
Missouri Valley College,2164.0,415.0,18300.0,30000.0,1000+,1000+
University of Missouri-Columbia,20956.0,6194.0,9415.0,37292.0,1000+,1000+
University of Missouri-Kansas City,4367.0,1078.0,9456.0,41143.0,801-900,top 1000
Missouri University of Science and Technology,3322.0,1262.0,9510.0,36963.0,901-1000,top 1000
University of Missouri-St Louis,1755.0,482.0,9474.0,39277.0,1000+,1000+
Truman State University,4462.0,1329.0,7368.0,25440.0,1000+,1000+
Northwest Missouri State University,5680.0,1260.0,6390.0,22377.0,1000+,1000+
College of the Ozarks,3006.0,357.0,18330.0,27276.0,1000+,1000+
Park University,663.0,205.0,10600.0,23248.0,1000+,1000+
Rockhurst University,2576.0,438.0,31290.0,45235.0,1000+,1000+
Saint Louis University,13389.0,1638.0,36726.0,53438.0,601-700,top 1000
Southwest Baptist University,2179.0,482.0,20040.0,30340.0,1000+,1000+
Stephens College,783.0,168.0,27954.0,42424.0,1000+,1000+
Southeast Missouri State University,4388.0,1729.0,6863.0,24543.0,1000+,1000+
Missouri State University-Springfield,7482.0,2751.0,6908.0,25731.0,1000+,1000+
Washington University in St Louis,30117.0,1610.0,44841.0,61808.0,27,top 1000
Webster University,1736.0,418.0,23760.0,41918.0,1000+,1000+
Westminster College,1420.0,261.0,21680.0,34800.0,1000+,1000+
William Jewell College,1433.0,259.0,31000.0,43820.0,1000+,1000+
William Woods University,897.0,208.0,20650.0,35250.0,1000+,1000+
Carroll College,3279.0,315.0,27914.0,40918.0,1000+,1000+
University of Great Falls,1206.0,151.0,20960.0,32654.0,1000+,1000+
Montana Tech of the University of Montana,586.0,262.0,6464.0,30866.0,1000+,1000+
Montana State University,12581.0,2914.0,6752.0,33417.0,1000+,1000+
The University of Montana,4820.0,1967.0,6045.0,34780.0,1000+,1000+
Montana State University-Northern,376.0,200.0,5480.0,29212.0,1000+,1000+
Rocky Mountain College,1396.0,238.0,23718.0,35488.0,1000+,1000+
Concordia University-Nebraska,1299.0,282.0,24750.0,34550.0,1000+,1000+
Creighton University,5336.0,966.0,34330.0,48058.0,1000+,1000+
Doane College-Crete,1822.0,287.0,26180.0,38380.0,1000+,1000+
Grace University,260.0,96.0,18256.0,28958.0,1000+,1000+
Hastings College,1529.0,345.0,25520.0,37152.0,1000+,1000+
University of Nebraska at Kearney,2589.0,1022.0,6542.0,25838.0,1000+,1000+
Midland University,1676.0,367.0,27146.0,37780.0,1000+,1000+
University of Nebraska at Omaha,4955.0,1889.0,6550.0,29590.0,1000+,1000+
Nebraska Wesleyan University,2315.0,378.0,27242.0,39492.0,1000+,1000+
University of Nebraska-Lincoln,10929.0,4420.0,8060.0,35574.0,1000+,1000+
College of Saint Mary,335.0,89.0,26934.0,36252.0,1000+,1000+
Union College,1287.0,178.0,20470.0,31990.0,1000+,1000+
York College,546.0,94.0,15600.0,26250.0,1000+,1000+
University of Nevada-Las Vegas,7343.0,3773.0,6690.0,36105.0,701-800,top 1000
University of Nevada-Reno,7857.0,2994.0,6610.0,36510.0,1000+,1000+
Colby-Sawyer College,3400.0,421.0,37300.0,52800.0,1000+,1000+
Dartmouth College,23110.0,1098.0,46752.0,63279.0,301-400,top 1000
Franklin Pierce University,3546.0,538.0,31000.0,45898.0,1000+,1000+
New England College,5723.0,388.0,33000.0,48430.0,1000+,1000+
Southern New Hampshire University,4432.0,830.0,28884.0,43056.0,1000+,1000+
University of New Hampshire-Main Campus,17938.0,2869.0,16496.0,43020.0,1000+,1000+
Keene State College,6144.0,1258.0,12776.0,32469.0,1000+,1000+
Plymouth State University,5120.0,930.0,12610.0,33975.0,1000+,1000+
Rivier University,914.0,223.0,28055.0,43227.0,1000+,1000+
Saint Anselm College,3829.0,508.0,35204.0,50394.0,1000+,1000+
Bloomfield College,3115.0,382.0,25880.0,41130.0,1000+,1000+
Caldwell College,2984.0,330.0,29000.0,43800.0,1000+,1000+
Centenary College,1038.0,216.0,30540.0,43435.0,1000+,1000+
Drew University,3430.0,400.0,44068.0,59362.0,1000+,1000+
Fairleigh Dickinson University-Metropolitan Campus,5193.0,760.0,34882.0,52036.0,1000+,1000+
Felician College,1567.0,153.0,29990.0,45800.0,1000+,1000+
Fairleigh Dickinson University-College at Florham,3647.0,586.0,37348.0,54502.0,1000+,1000+
Georgian Court University,1276.0,275.0,29606.0,43276.0,1000+,1000+
Rowan University,8287.0,1420.0,12380.0,34776.0,1000+,1000+
New Jersey City University,4183.0,649.0,10653.0,34275.0,1000+,1000+
Kean University,4952.0,1525.0,10918.0,32847.0,1000+,1000+
Monmouth University,5537.0,906.0,31018.0,46152.0,1000+,1000+
Montclair State University,13012.0,3040.0,11318.0,36906.0,1000+,1000+
New Jersey Institute of Technology,4344.0,1029.0,15218.0,44540.0,701-800,top 1000
Princeton University,26499.0,1285.0,40170.0,55832.0,6,top 1000
Ramapo College of New Jersey,6297.0,901.0,13388.0,37811.0,1000+,1000+
Rider University,8078.0,911.0,35270.0,51670.0,1000+,1000+
Rutgers University-Camden,7437.0,497.0,13348.0,42205.0,1000+,1000+
Rutgers University-New Brunswick,30631.0,6337.0,13499.0,43492.0,1000+,1000+
Rutgers University-Newark,13282.0,1057.0,12998.0,43792.0,1000+,1000+
Saint Peter's University,6145.0,610.0,32284.0,47842.0,1000+,1000+
Seton Hall University,10735.0,1342.0,35820.0,50318.0,1000+,1000+
College of Saint Elizabeth,2496.0,124.0,31095.0,47147.0,1000+,1000+
Stevens Institute of Technology,4977.0,622.0,44490.0,60554.0,1000+,1000+
The Richard Stockton College of New Jersey,6126.0,1069.0,12322.0,34322.0,1000+,1000+
The College of New Jersey,11145.0,1404.0,14730.0,40057.0,1000+,1000+
William Paterson University of New Jersey,8935.0,1294.0,11918.0,35120.0,1000+,1000+
Eastern New Mexico University-Main Campus,2245.0,659.0,4558.0,21660.0,1000+,1000+
New Mexico Institute of Mining and Technology,1088.0,318.0,5714.0,30121.0,1000+,1000+
University of New Mexico-Main Campus,11467.0,3424.0,6846.0,33936.0,1000+,1000+
New Mexico State University-Main Campus,5365.0,1918.0,6220.0,31679.0,1000+,1000+
Vaughn College of Aeronautics and Technology,837.0,324.0,20450.0,43726.0,1000+,1000+
Adelphi University,8654.0,918.0,30800.0,47110.0,1000+,1000+
Alfred University,3417.0,535.0,25430.0,39948.0,1000+,1000+
Bard College,5466.0,489.0,46370.0,62572.0,1000+,1000+
Barnard College,5606.0,580.0,44790.0,61512.0,1000+,1000+
Canisius College,4322.0,682.0,33332.0,48102.0,1000+,1000+
Cazenovia College,2440.0,345.0,29410.0,43290.0,1000+,1000+
Clarkson University,6747.0,757.0,40540.0,57514.0,1000+,1000+
Colgate University,8374.0,759.0,46380.0,60050.0,1000+,1000+
Columbia University in the City of New York,31851.0,1415.0,49138.0,64144.0,8,top 1000
Concordia College-New York,1358.0,153.0,28095.0,41175.0,1000+,1000+
Cooper Union for the Advancement of Science and Art,3193.0,186.0,41400.0,60075.0,1000+,1000+
Cornell University,39999.0,3223.0,45358.0,61618.0,12,top 1000
CUNY Bernard M Baruch College,19863.0,1185.0,6210.0,34072.0,1000+,1000+
CUNY Brooklyn College,19843.0,1148.0,6184.0,31416.0,1000+,1000+
College of Staten Island CUNY,9785.0,2556.0,6158.0,31342.0,1000+,1000+
CUNY City College,22171.0,1397.0,6089.0,33141.0,1000+,1000+
CUNY Hunter College,30758.0,1971.0,6129.0,26691.0,1000+,1000+
CUNY John Jay College of Criminal Justice,13753.0,1908.0,6059.0,37395.0,1000+,1000+
CUNY Lehman College,15518.0,551.0,6108.0,30980.0,1000+,1000+
CUNY Queens College,19032.0,1449.0,6207.0,32689.0,1000+,1000+
D'Youville College,1171.0,258.0,22850.0,37570.0,1000+,1000+
Daemen College,3061.0,411.0,24090.0,37690.0,1000+,1000+
Dominican College of Blauvelt,1594.0,286.0,24790.0,39890.0,1000+,1000+
Dowling College,2675.0,388.0,28390.0,43962.0,1000+,1000+
Elmira College,2324.0,324.0,38150.0,50800.0,1000+,1000+
Fashion Institute of Technology,4449.0,1233.0,5105.0,30623.0,1000+,1000+
Fordham University,36189.0,1967.0,43902.0,63438.0,801-900,top 1000
Hamilton College,5017.0,491.0,46080.0,59590.0,1000+,1000+
Hartwick College,5392.0,528.0,38930.0,50815.0,1000+,1000+
Hilbert College,865.0,191.0,19940.0,30140.0,1000+,1000+
Hobart William Smith Colleges,4385.0,643.0,46165.0,59850.0,1000+,1000+
Hofstra University,22733.0,1488.0,37400.0,54289.0,1000+,1000+
Houghton College,807.0,223.0,27728.0,39590.0,1000+,1000+
Iona College,5911.0,922.0,32770.0,49295.0,1000+,1000+
Ithaca College,15658.0,1789.0,38400.0,55587.0,1000+,1000+
Keuka College,1375.0,228.0,27465.0,43005.0,1000+,1000+
Le Moyne College,5924.0,622.0,30460.0,44900.0,1000+,1000+
LIU Brooklyn,5695.0,879.0,34120.0,50514.0,1000+,1000+
LIU Post,6001.0,659.0,34070.0,50934.0,1000+,1000+
Manhattan College,7268.0,757.0,35725.0,52005.0,1000+,1000+
Manhattanville College,3930.0,476.0,35370.0,52240.0,1000+,1000+
Marist College,10351.0,1149.0,31290.0,48390.0,1000+,1000+
Marymount Manhattan College,4147.0,399.0,26640.0,48740.0,1000+,1000+
Medaille College,1505.0,443.0,23812.0,37312.0,1000+,1000+
Mercy College,6546.0,833.0,17576.0,34278.0,1000+,1000+
Molloy College,3242.0,501.0,25710.0,43718.0,1000+,1000+
Mount Saint Mary College,3551.0,449.0,26250.0,42290.0,1000+,1000+
College of Mount Saint Vincent,2416.0,386.0,30290.0,44835.0,1000+,1000+
Nazareth College,3838.0,423.0,29624.0,44290.0,1000+,1000+
The College of New Rochelle,1554.0,532.0,31260.0,47550.0,1000+,1000+
The New School,4978.0,1038.0,40426.0,59691.0,1000+,1000+
New York University,57845.0,5207.0,44848.0,63540.0,25,top 1000
Niagara University,3716.0,700.0,28200.0,42350.0,1000+,1000+
New York Institute of Technology,5433.0,841.0,30780.0,48552.0,1000+,1000+
Nyack College,700.0,264.0,23250.0,36532.0,1000+,1000+
Pace University-New York,12885.0,1848.0,38069.0,56999.0,1000+,1000+
Paul Smiths College of Arts and Science,970.0,240.0,25261.0,40021.0,1000+,1000+
Polytechnic Institute of New York University,3444.0,451.0,41328.0,59570.0,1000+,1000+
Rensselaer Polytechnic Institute,16150.0,1411.0,46269.0,61820.0,401-500,top 1000
Roberts Wesleyan College,814.0,206.0,27364.0,40888.0,1000+,1000+
Rochester Institute of Technology,16354.0,2784.0,34424.0,47627.0,1000+,1000+
University of Rochester,17244.0,1472.0,45372.0,61340.0,151-200,top 1000
The Sage Colleges,2237.0,297.0,28000.0,42470.0,1000+,1000+
St Bonaventure University,2754.0,438.0,29589.0,42359.0,1000+,1000+
St Francis College,2815.0,568.0,20700.0,43200.0,1000+,1000+
St Lawrence University,4424.0,631.0,46040.0,59550.0,1000+,1000+
The College of Saint Rose,4651.0,621.0,27684.0,42234.0,1000+,1000+
St Thomas Aquinas College,1841.0,337.0,26340.0,41120.0,1000+,1000+
Sarah Lawrence College,2165.0,344.0,48696.0,64122.0,1000+,1000+
Siena College,8082.0,734.0,31368.0,47265.0,1000+,1000+
Skidmore College,8285.0,660.0,45874.0,60900.0,1000+,1000+
Saint John Fisher College,4016.0,521.0,28430.0,41370.0,1000+,1000+
St John's University-New York,51634.0,2792.0,37260.0,56971.0,1000+,1000+
SUNY College of Technology at Alfred,5761.0,1101.0,7294.0,29899.0,1000+,1000+
SUNY College of Technology at Canton,3391.0,780.0,7181.0,25586.0,1000+,1000+
SUNY College of Technology at Delhi,4846.0,935.0,7200.0,25260.0,1000+,1000+
SUNY College of Agriculture and Technology at Cobleskill,2765.0,781.0,7149.0,32111.0,1000+,1000+
Farmingdale State College,5401.0,1190.0,7125.0,31635.0,1000+,1000+
Morrisville State College,4049.0,858.0,7412.0,32802.0,1000+,1000+
SUNY at Albany,21178.0,2568.0,8040.0,32739.0,1000+,1000+
SUNY at Binghamton,28232.0,2664.0,8144.0,33152.0,1000+,1000+
University at Buffalo,23093.0,3669.0,8211.0,35256.0,1000+,1000+
Stony Brook University,30300.0,2709.0,7995.0,34067.0,301-400,top 1000
SUNY College of Environmental Science and Forestry,1538.0,288.0,7033.0,33543.0,901-1000,top 1000
SUNY Institute of Technology at Utica-Rome,1954.0,274.0,7090.0,32515.0,1000+,1000+
SUNY College at Brockport,8570.0,1085.0,7222.0,30402.0,1000+,1000+
Buffalo State SUNY,11256.0,1324.0,7022.0,30853.0,1000+,1000+
SUNY College at Cortland,11518.0,1207.0,7327.0,32084.0,1000+,1000+
SUNY at Fredonia,5883.0,1007.0,7400.0,31088.0,1000+,1000+
SUNY College at Geneseo,9164.0,997.0,7430.0,31122.0,1000+,1000+
State University of New York at New Paltz,12892.0,1119.0,7083.0,30853.0,1000+,1000+
SUNY Oneonta,10261.0,1119.0,7230.0,31130.0,1000+,1000+
SUNY College at Oswego,10351.0,1508.0,7181.0,31441.0,1000+,1000+
SUNY College at Potsdam,4764.0,821.0,7174.0,30559.0,1000+,1000+
SUNY at Purchase College,8405.0,775.0,7573.0,34122.0,1000+,1000+
SUNY College at Old Westbury,3341.0,410.0,6624.0,28534.0,1000+,1000+
SUNY College at Plattsburgh,8193.0,954.0,7179.0,30759.0,1000+,1000+
SUNY Maritime College,1279.0,331.0,7109.0,32064.0,1000+,1000+
Syracuse University,28269.0,3487.0,40458.0,57450.0,701-800,top 1000
Touro College,1732.0,859.0,15250.0,28472.0,1000+,1000+
Union College,5725.0,559.0,46785.0,60150.0,1000+,1000+
Utica College,3689.0,489.0,33320.0,48650.0,1000+,1000+
Vassar College,7597.0,666.0,47890.0,61320.0,1000+,1000+
Wagner College,2942.0,430.0,39220.0,53924.0,1000+,1000+
Wells College,2214.0,161.0,35900.0,49800.0,1000+,1000+
Yeshiva University,1575.0,857.0,37600.0,55075.0,1000+,1000+
Appalachian State University,12248.0,3028.0,6462.0,31266.0,1000+,1000+
Barton College,2933.0,217.0,25396.0,39254.0,1000+,1000+
Belmont Abbey College,2197.0,283.0,18500.0,32564.0,1000+,1000+
Bennett College,1639.0,194.0,17355.0,31035.0,1000+,1000+
Brevard College,2299.0,245.0,25200.0,37000.0,1000+,1000+
Campbell University,11714.0,788.0,26240.0,42580.0,1000+,1000+
Catawba College,3226.0,342.0,26820.0,40743.0,1000+,1000+
Chowan University,3708.0,474.0,22510.0,31780.0,1000+,1000+
Davidson College,4745.0,483.0,42849.0,57458.0,1000+,1000+
Duke University,30374.0,1714.0,45376.0,61748.0,31,top 1000
East Carolina University,15535.0,4015.0,6143.0,34944.0,1000+,1000+
Elizabeth City State University,3925.0,527.0,4429.0,24018.0,1000+,1000+
Elon University,9949.0,1474.0,30149.0,43546.0,1000+,1000+
Fayetteville State University,4010.0,612.0,4605.0,25650.0,1000+,1000+
Gardner-Webb University,5481.0,435.0,25830.0,37620.0,1000+,1000+
Greensboro College,1314.0,200.0,26306.0,39376.0,1000+,1000+
Guilford College,3030.0,407.0,32470.0,45395.0,1000+,1000+
High Point University,7663.0,1257.0,30715.0,43900.0,1000+,1000+
Johnson C Smith University,4777.0,232.0,18236.0,32136.0,1000+,1000+
Lees-McRae College,1751.0,226.0,24150.0,39250.0,1000+,1000+
Lenoir-Rhyne University,4762.0,310.0,29310.0,43360.0,1000+,1000+
Livingstone College,3270.0,395.0,16024.0,25920.0,1000+,1000+
Mars Hill University,2899.0,419.0,25636.0,38224.0,1000+,1000+
Meredith College,1762.0,415.0,30562.0,41878.0,1000+,1000+
Methodist University,4079.0,452.0,27830.0,47311.0,1000+,1000+
Montreat College,700.0,109.0,23520.0,35690.0,1000+,1000+
Mount Olive College,2117.0,333.0,17300.0,27850.0,1000+,1000+
North Carolina A & T State University,4480.0,1849.0,5422.0,27010.0,1000+,1000+
University of North Carolina at Asheville,3036.0,553.0,6241.0,32587.0,1000+,1000+
University of North Carolina at Chapel Hill,28437.0,3915.0,8340.0,45806.0,29,top 1000
University of North Carolina at Charlotte,13742.0,3541.0,6107.0,31609.0,1000+,1000+
University of North Carolina at Greensboro,10112.0,2516.0,6382.0,32970.0,801-900,top 1000
North Carolina Central University,8886.0,1407.0,5526.0,29120.0,1000+,1000+
North Carolina State University at Raleigh,20700.0,4398.0,8206.0,35639.0,1000+,1000+
North Carolina Wesleyan College,1634.0,222.0,26632.0,37812.0,1000+,1000+
University of North Carolina Wilmington,11184.0,2053.0,6343.0,32738.0,1000+,1000+
William Peace University,1083.0,328.0,23900.0,38900.0,1000+,1000+
University of North Carolina at Pembroke,3087.0,1020.0,5144.0,26829.0,1000+,1000+
Pfeiffer University,1662.0,218.0,24150.0,37140.0,1000+,1000+
Queens University of Charlotte,1949.0,316.0,29800.0,44124.0,1000+,1000+
Mid-Atlantic Christian University,168.0,37.0,12160.0,25090.0,1000+,1000+
Saint Augustine's University,2560.0,327.0,17890.0,31642.0,1000+,1000+
Salem College,854.0,174.0,24566.0,41600.0,1000+,1000+
Shaw University,6207.0,507.0,16480.0,29378.0,1000+,1000+
St Andrews University,898.0,178.0,23332.0,40000.0,1000+,1000+
Wake Forest University,11121.0,1232.0,44742.0,60242.0,501-600,top 1000
Warren Wilson College,1214.0,220.0,29540.0,43000.0,1000+,1000+
Wingate University,5323.0,642.0,25040.0,37740.0,1000+,1000+
Winston-Salem State University,5164.0,685.0,5468.0,25521.0,1000+,1000+
Western Carolina University,15231.0,1558.0,6265.0,28196.0,1000+,1000+
Dickinson State University,417.0,165.0,5846.0,18396.0,1000+,1000+
University of Jamestown,1088.0,261.0,18494.0,28738.0,1000+,1000+
University of Mary,945.0,440.0,14730.0,24121.0,1000+,1000+
Minot State University,959.0,397.0,6086.0,16196.0,1000+,1000+
University of North Dakota,5404.0,2360.0,7508.0,31448.0,1000+,1000+
North Dakota State University-Main Campus,5812.0,2553.0,7660.0,30042.0,1000+,1000+
Valley City State University,345.0,186.0,6516.0,25066.0,1000+,1000+
University of Akron Main Campus,10575.0,3812.0,10054.0,32320.0,1000+,1000+
Ashland University,2931.0,623.0,29836.0,42833.0,1000+,1000+
Baldwin Wallace University,4220.0,762.0,27840.0,39230.0,1000+,1000+
Bluffton University,1784.0,250.0,28504.0,41864.0,1000+,1000+
Bowling Green State University-Main Campus,15689.0,3348.0,10726.0,30814.0,1000+,1000+
Capital University,3640.0,691.0,31990.0,44350.0,1000+,1000+
Case Western Reserve University,18418.0,1252.0,41800.0,57798.0,101-150,top 1000
Cedarville University,3267.0,781.0,26420.0,35020.0,1000+,1000+
Central State University,7142.0,420.0,6058.0,25256.0,1000+,1000+
University of Cincinnati-Main Campus,16002.0,4486.0,10784.0,42466.0,1000+,1000+
Ohio Christian University,1455.0,719.0,17720.0,33418.0,1000+,1000+
Cleveland State University,6768.0,1727.0,9499.0,28496.0,1000+,1000+
University of Dayton,15719.0,1761.0,35800.0,49540.0,1000+,1000+
Defiance College,1704.0,241.0,28690.0,41700.0,1000+,1000+
Denison University,4770.0,582.0,43910.0,56520.0,1000+,1000+
The University of Findlay,2260.0,581.0,29798.0,41306.0,1000+,1000+
Hiram College,2542.0,290.0,30290.0,43145.0,1000+,1000+
John Carroll University,3721.0,793.0,34480.0,48310.0,1000+,1000+
Kent State University at Kent,15970.0,4111.0,9816.0,32886.0,1000+,1000+
Kenyon College,4054.0,483.0,45640.0,60070.0,1000+,1000+
Lake Erie College,1158.0,205.0,27368.0,40364.0,1000+,1000+
Lourdes University,1307.0,227.0,17655.0,31157.0,1000+,1000+
Malone University,1333.0,316.0,25678.0,37934.0,1000+,1000+
Marietta College,4168.0,385.0,31940.0,44362.0,1000+,1000+
Miami University-Oxford,22520.0,3644.0,13800.0,45491.0,1000+,1000+
University of Mount Union,2660.0,552.0,27380.0,38895.0,1000+,1000+
Mount Vernon Nazarene University,1279.0,302.0,23690.0,35020.0,1000+,1000+
College of Mount St Joseph,1197.0,324.0,25800.0,35880.0,1000+,1000+
Muskingum University,2001.0,405.0,23662.0,35694.0,1000+,1000+
Notre Dame College,2468.0,338.0,26344.0,38502.0,1000+,1000+
Oberlin College,7438.0,781.0,46870.0,62132.0,1000+,1000+
Ohio Dominican University,2652.0,239.0,28932.0,42087.0,1000+,1000+
Ohio Northern University,3325.0,613.0,36720.0,50960.0,1000+,1000+
Ohio State University-Main Campus,31359.0,7130.0,10037.0,41199.0,1000+,1000+
Ohio University-Main Campus,20765.0,4244.0,10446.0,33360.0,1000+,1000+
Ohio Wesleyan University,4029.0,541.0,40510.0,55690.0,1000+,1000+
Otterbein University,3176.0,575.0,31424.0,44276.0,1000+,1000+
Franciscan University of Steubenville,1889.0,460.0,23160.0,34490.0,1000+,1000+
Tiffin University,5228.0,1313.0,20700.0,36481.0,1000+,1000+
University of Toledo,11066.0,3428.0,9275.0,33229.0,701-800,top 1000
Ursuline College,441.0,103.0,26720.0,38344.0,1000+,1000+
Walsh University,1640.0,493.0,25840.0,39390.0,1000+,1000+
Wilberforce University,1534.0,69.0,15140.0,26890.0,1000+,1000+
Wilmington College,3780.0,275.0,28190.0,40057.0,1000+,1000+
Wittenberg University,5274.0,549.0,38030.0,50766.0,1000+,1000+
The College of Wooster,5583.0,560.0,41680.0,53500.0,1000+,1000+
Xavier University,10907.0,1289.0,33000.0,46520.0,1000+,1000+
Bacone College,2445.0,249.0,14050.0,28010.0,1000+,1000+
Oklahoma Wesleyan University,2335.0,187.0,22252.0,34960.0,1000+,1000+
University of Central Oklahoma,10432.0,2223.0,5437.0,25407.0,1000+,1000+
East Central University,968.0,612.0,5241.0,20465.0,1000+,1000+
Northeastern State University,1889.0,847.0,4992.0,21318.0,1000+,1000+
Northwestern Oklahoma State University,888.0,437.0,5642.0,20644.0,1000+,1000+
Oklahoma Christian University,1984.0,533.0,18800.0,29825.0,1000+,1000+
Oklahoma Panhandle State University,858.0,289.0,6739.0,15888.0,1000+,1000+
Oklahoma State University-Main Campus,11064.0,3872.0,7442.0,34427.0,1000+,1000+
Oklahoma Baptist University,6560.0,580.0,21842.0,33400.0,1000+,1000+
Oklahoma City University,1442.0,351.0,29426.0,44356.0,1000+,1000+
University of Oklahoma-Norman Campus,10991.0,4052.0,8916.0,35630.0,1000+,1000+
Oral Roberts University,1417.0,399.0,22508.0,36950.0,1000+,1000+
Rogers State University,1864.0,785.0,5349.0,25105.0,1000+,1000+
Saint Gregory's University,602.0,127.0,20595.0,33389.0,1000+,1000+
University of Science and Arts of Oklahoma,594.0,150.0,4866.0,19538.0,1000+,1000+
Southeastern Oklahoma State University,1001.0,538.0,5315.0,23170.0,1000+,1000+
Southwestern Christian University,405.0,254.0,14220.0,26470.0,1000+,1000+
Southwestern Oklahoma State University,2536.0,913.0,5460.0,23973.0,1000+,1000+
University of Tulsa,7304.0,856.0,34835.0,51035.0,1000+,1000+
Concordia University-Portland,1790.0,217.0,27492.0,39022.0,1000+,1000+
Eastern Oregon University,1503.0,426.0,7530.0,30315.0,1000+,1000+
George Fox University,2431.0,624.0,31120.0,43800.0,1000+,1000+
Lewis & Clark College,6458.0,473.0,41928.0,55666.0,1000+,1000+
Linfield College-McMinnville Campus,2139.0,449.0,36310.0,48182.0,1000+,1000+
Northwest Christian University,318.0,82.0,24930.0,37470.0,1000+,1000+
Oregon Institute of Technology,2778.0,363.0,8548.0,34803.0,1000+,1000+
Oregon State University,12414.0,3516.0,8322.0,38751.0,201-300,top 1000
University of Oregon,21263.0,4031.0,9763.0,44377.0,301-400,top 1000
Pacific University,2658.0,421.0,37024.0,50486.0,1000+,1000+
Portland State University,5751.0,1465.0,7878.0,38738.0,901-1000,top 1000
University of Portland,9523.0,835.0,38670.0,53958.0,1000+,1000+
Reed College,2893.0,354.0,46010.0,59630.0,1000+,1000+
Southern Oregon University,2615.0,673.0,7438.0,33829.0,1000+,1000+
Warner Pacific College,948.0,85.0,19770.0,32166.0,1000+,1000+
Corban University,2896.0,222.0,27431.0,40407.0,1000+,1000+
Willamette University,8109.0,545.0,42305.0,54813.0,1000+,1000+
Western Oregon University,2848.0,1026.0,8634.0,35706.0,1000+,1000+
Bryn Athyn College of the New Church,396.0,81.0,17724.0,29734.0,1000+,1000+
Albright College,6060.0,655.0,36660.0,49160.0,1000+,1000+
Allegheny College,4512.0,604.0,39100.0,52020.0,1000+,1000+
DeSales University,2624.0,416.0,31250.0,48398.0,1000+,1000+
Alvernia University,1792.0,389.0,29060.0,43250.0,1000+,1000+
Arcadia University,9608.0,597.0,36810.0,51970.0,1000+,1000+
Bloomsburg University of Pennsylvania,9248.0,2218.0,8582.0,32306.0,1000+,1000+
Bryn Mawr College,2708.0,365.0,43900.0,59760.0,1000+,1000+
Bucknell University,7947.0,933.0,46902.0,61060.0,1000+,1000+
Cabrini College,2127.0,304.0,29000.0,45322.0,1000+,1000+
California University of Pennsylvania,3022.0,1154.0,9239.0,28712.0,1000+,1000+
Carlow University,669.0,206.0,25416.0,38450.0,1000+,1000+
Carnegie Mellon University,18884.0,1442.0,47642.0,62032.0,101-150,top 1000
Cedar Crest College,1063.0,141.0,33000.0,45021.0,1000+,1000+
Chatham University,594.0,92.0,32454.0,46162.0,1000+,1000+
Chestnut Hill College,1829.0,192.0,31170.0,44378.0,1000+,1000+
Clarion University of Pennsylvania,2071.0,1072.0,9404.0,25953.0,1000+,1000+
Delaware Valley College,1895.0,416.0,32890.0,47467.0,1000+,1000+
Dickinson College,5826.0,625.0,46094.0,60183.0,1000+,1000+
Drexel University,43945.0,3040.0,37505.0,57870.0,301-400,top 1000
Duquesne University,6793.0,1547.0,31385.0,44567.0,1000+,1000+
East Stroudsburg University of Pennsylvania,5621.0,1210.0,8991.0,30990.0,1000+,1000+
Eastern University,1821.0,459.0,28090.0,42192.0,1000+,1000+
Edinboro University of Pennsylvania,3187.0,1191.0,8849.0,24139.0,1000+,1000+
Elizabethtown College,3815.0,530.0,38200.0,49650.0,1000+,1000+
Franklin and Marshall College,5174.0,599.0,46285.0,60765.0,1000+,1000+
Gannon University,3983.0,622.0,27546.0,41820.0,1000+,1000+
Geneva College,1670.0,334.0,25220.0,36520.0,1000+,1000+
Gettysburg College,5453.0,703.0,45870.0,58320.0,1000+,1000+
Gwynedd Mercy University,1232.0,211.0,29450.0,42030.0,1000+,1000+
Haverford College,3585.0,330.0,45426.0,61898.0,1000+,1000+
Holy Family University,1350.0,297.0,27100.0,41960.0,1000+,1000+
Immaculata University,1650.0,247.0,30740.0,49130.0,1000+,1000+
Indiana University of Pennsylvania-Main Campus,9367.0,2741.0,9080.0,35056.0,1000+,1000+
Juniata College,2227.0,391.0,37170.0,49220.0,1000+,1000+
Keystone College,1120.0,321.0,21300.0,35500.0,1000+,1000+
King's College,2780.0,500.0,30310.0,45468.0,1000+,1000+
Kutztown University of Pennsylvania,7785.0,1815.0,8819.0,32389.0,1000+,1000+
La Roche College,1488.0,229.0,24778.0,38434.0,1000+,1000+
La Salle University,5547.0,939.0,38200.0,51770.0,1000+,1000+
Lafayette College,6766.0,635.0,44670.0,59750.0,1000+,1000+
Lebanon Valley College,3793.0,415.0,35700.0,48630.0,1000+,1000+
Lehigh University,12589.0,1198.0,43520.0,57145.0,801-900,top 1000
Lincoln University of Pennsylvania,3240.0,448.0,9804.0,28519.0,1000+,1000+
Lock Haven University,3744.0,1052.0,8899.0,29998.0,1000+,1000+
Lycoming College,1737.0,347.0,33746.0,46707.0,1000+,1000+
Mansfield University of Pennsylvania,2023.0,629.0,9192.0,32558.0,1000+,1000+
Marywood University,2021.0,407.0,30690.0,46556.0,1000+,1000+
Mercyhurst University,2938.0,600.0,30300.0,44838.0,1000+,1000+
Messiah College,2836.0,648.0,30470.0,42990.0,1000+,1000+
Millersville University of Pennsylvania,5455.0,1299.0,8866.0,31433.0,1000+,1000+
Misericordia University,2125.0,435.0,28210.0,41940.0,1000+,1000+
Moravian College,1636.0,356.0,35518.0,49090.0,1000+,1000+
Mount Aloysius College,1546.0,379.0,20268.0,34598.0,1000+,1000+
Muhlenberg College,5152.0,579.0,42755.0,55370.0,1000+,1000+
Neumann University,3397.0,503.0,24948.0,39475.0,1000+,1000+
Pennsylvania State University-Penn State Erie-Behrend College,3437.0,1080.0,14240.0,37902.0,1000+,1000+
Pennsylvania State University-Penn State Altoona,5700.0,1379.0,14240.0,37902.0,1000+,1000+
Pennsylvania State University-Penn State Beaver,670.0,208.0,13470.0,36676.0,1000+,1000+
Pennsylvania State University-Penn State Berks,2570.0,814.0,14240.0,37902.0,1000+,1000+
Pennsylvania State University-Penn State Harrisburg,2792.0,628.0,14240.0,37902.0,1000+,1000+
Pennsylvania State University-Penn State Hazleton,1179.0,433.0,13550.0,36826.0,1000+,1000+
Pennsylvania State University-Main Campus,47552.0,7649.0,16992.0,46166.0,1000+,1000+
Pennsylvania State University-Penn State Greater Allegheny,699.0,201.0,13464.0,36670.0,1000+,1000+
Pennsylvania State University-Penn State Mont Alto,827.0,325.0,13470.0,36676.0,1000+,1000+
Pennsylvania State University-Penn State Schuylkill,693.0,248.0,13550.0,36826.0,1000+,1000+
University of Pennsylvania,31282.0,2421.0,45890.0,61800.0,15,top 1000
Philadelphia University,5396.0,550.0,33690.0,49426.0,1000+,1000+
Cairn University-Langhorne,610.0,155.0,22455.0,34090.0,1000+,1000+
University of Pittsburgh-Bradford,940.0,379.0,13078.0,36246.0,1000+,1000+
University of Pittsburgh-Greensburg,1262.0,394.0,13128.0,37318.0,1000+,1000+
University of Pittsburgh-Johnstown,1570.0,772.0,13130.0,36866.0,1000+,1000+
University of Pittsburgh-Pittsburgh Campus,24871.0,3678.0,17100.0,42132.0,82,top 1000
Point Park University,3237.0,548.0,26170.0,39800.0,1000+,1000+
Robert Morris University,5689.0,998.0,25114.0,40755.0,1000+,1000+
Rosemont College,1014.0,112.0,30950.0,46305.0,1000+,1000+
Saint Francis University,1679.0,403.0,29992.0,45038.0,1000+,1000+
Saint Joseph's University,7831.0,1275.0,39040.0,54772.0,1000+,1000+
Saint Vincent College,2035.0,472.0,30350.0,42838.0,1000+,1000+
University of Scranton,9087.0,881.0,38754.0,55008.0,1000+,1000+
Seton Hill University,2414.0,386.0,30300.0,43900.0,1000+,1000+
Shippensburg University of Pennsylvania,5949.0,1520.0,9448.0,32514.0,1000+,1000+
Slippery Rock University of Pennsylvania,5475.0,1409.0,9027.0,25634.0,1000+,1000+
Susquehanna University,3217.0,589.0,38780.0,51400.0,1000+,1000+
Swarthmore College,6615.0,388.0,44718.0,60671.0,701-800,top 1000
Temple University,18813.0,4390.0,14096.0,39658.0,401-500,top 1000
Thiel College,2519.0,303.0,26802.0,41078.0,1000+,1000+
Ursinus College,3947.0,425.0,44530.0,58880.0,1000+,1000+
Valley Forge Christian College,451.0,148.0,19394.0,31026.0,1000+,1000+
Villanova University,14966.0,1659.0,44430.0,58736.0,1000+,1000+
Washington & Jefferson College,7176.0,326.0,39710.0,51690.0,1000+,1000+
Waynesburg University,1962.0,410.0,20540.0,31500.0,1000+,1000+
West Chester University of Pennsylvania,13424.0,2298.0,8850.0,35814.0,1000+,1000+
Westminster College,3378.0,309.0,32445.0,43805.0,1000+,1000+
Widener University-Main Campus,5461.0,828.0,38028.0,54019.0,1000+,1000+
Wilkes University,2998.0,596.0,30350.0,46786.0,1000+,1000+
Wilson College,450.0,76.0,29370.0,41963.0,1000+,1000+
York College Pennsylvania,9934.0,1064.0,17010.0,29790.0,1000+,1000+
Brown University,28919.0,1543.0,45612.0,60460.0,99,top 1000
Bryant University,6013.0,890.0,37234.0,53598.0,1000+,1000+
Johnson & Wales University-Providence,12364.0,2093.0,27456.0,41461.0,1000+,1000+
Providence College,9660.0,1027.0,43245.0,57625.0,1000+,1000+
Rhode Island College,4492.0,1071.0,7602.0,30751.0,1000+,1000+
University of Rhode Island,19824.0,2993.0,12450.0,42448.0,901-1000,top 1000
Roger Williams University,9021.0,1104.0,31668.0,49394.0,1000+,1000+
Salve Regina University,5070.0,465.0,34950.0,49950.0,1000+,1000+
Anderson University,2190.0,502.0,22790.0,37014.0,1000+,1000+
Charleston Southern University,3640.0,656.0,22090.0,35740.0,1000+,1000+
Southern Wesleyan University,698.0,158.0,22200.0,33750.0,1000+,1000+
College of Charleston,11509.0,2138.0,10626.0,43120.0,1000+,1000+
Citadel Military College of South Carolina,2557.0,676.0,10838.0,44243.0,1000+,1000+
Claflin University,4354.0,435.0,15010.0,32300.0,1000+,1000+
Clemson University,18500.0,3463.0,13054.0,45936.0,601-700,top 1000
Coker College,1273.0,247.0,24579.0,34689.0,1000+,1000+
Columbia International University,302.0,103.0,18930.0,32130.0,1000+,1000+
Columbia College,457.0,128.0,26800.0,39316.0,1000+,1000+
Converse College,1565.0,237.0,29124.0,42094.0,1000+,1000+
Erskine College,750.0,194.0,31580.0,47610.0,1000+,1000+
Francis Marion University,3951.0,744.0,9386.0,29901.0,1000+,1000+
Furman University,5953.0,759.0,43164.0,57276.0,1000+,1000+
Lander University,3349.0,569.0,10100.0,31336.0,1000+,1000+
Limestone College,2424.0,451.0,22080.0,36416.0,1000+,1000+
Newberry College,887.0,238.0,23800.0,40365.0,1000+,1000+
North Greenville University,1782.0,505.0,14772.0,30000.0,1000+,1000+
Presbyterian College,1650.0,296.0,33650.0,46378.0,1000+,1000+
University of South Carolina-Aiken,2620.0,526.0,9308.0,30733.0,1000+,1000+
University of South Carolina-Beaufort,1387.0,410.0,8972.0,31248.0,1000+,1000+
University of South Carolina-Columbia,23429.0,4625.0,10816.0,42516.0,1000+,1000+
Coastal Carolina University,10993.0,2206.0,9760.0,35666.0,1000+,1000+
South Carolina State University,4499.0,569.0,9776.0,35378.0,1000+,1000+
University of South Carolina-Upstate,3066.0,806.0,10198.0,32832.0,1000+,1000+
Voorhees College,2726.0,146.0,10780.0,19876.0,1000+,1000+
Winthrop University,4285.0,1096.0,13670.0,38020.0,1000+,1000+
Wofford College,2718.0,415.0,35515.0,49449.0,1000+,1000+
Augustana College,1147.0,367.0,28630.0,38200.0,1000+,1000+
Black Hills State University,957.0,619.0,7617.0,19862.0,1000+,1000+
Dakota State University,781.0,318.0,7506.0,20048.0,1000+,1000+
Dakota Wesleyan University,665.0,168.0,22700.0,33060.0,1000+,1000+
Mount Marty College,402.0,117.0,22892.0,34802.0,1000+,1000+
Northern State University,1157.0,410.0,7563.0,20920.0,1000+,1000+
Presentation College,401.0,131.0,17014.0,28914.0,1000+,1000+
South Dakota State University,4851.0,2306.0,7713.0,21528.0,901-1000,top 1000
University of Sioux Falls,1385.0,237.0,24550.0,35780.0,1000+,1000+
University of South Dakota,3606.0,1342.0,8022.0,22265.0,1000+,1000+
Aquinas College,119.0,36.0,20550.0,35933.0,1000+,1000+
Austin Peay State University,3332.0,1522.0,6876.0,36009.0,1000+,1000+
Belmont University,5111.0,1248.0,27380.0,43030.0,1000+,1000+
Bethel University,2669.0,637.0,15714.0,30196.0,1000+,1000+
Bryan College-Dayton,1151.0,187.0,21150.0,31075.0,1000+,1000+
Carson-Newman University,3916.0,481.0,23696.0,34100.0,1000+,1000+
Christian Brothers University,1943.0,254.0,28210.0,38113.0,1000+,1000+
Cumberland University,795.0,212.0,20200.0,34130.0,1000+,1000+
Lipscomb University,3467.0,684.0,26094.0,40448.0,1000+,1000+
East Tennessee State University,4721.0,1881.0,7249.0,38919.0,1000+,1000+
Fisk University,3334.0,226.0,20449.0,35899.0,1000+,1000+
Freed-Hardeman University,1042.0,356.0,20468.0,32908.0,1000+,1000+
King University,933.0,210.0,24960.0,37758.0,1000+,1000+
Lane College,4589.0,405.0,9180.0,18900.0,1000+,1000+
Le Moyne-Owen College,1242.0,190.0,10680.0,18540.0,1000+,1000+
Lee University,1689.0,812.0,13750.0,26100.0,1000+,1000+
Lincoln Memorial University,975.0,191.0,19490.0,32620.0,1000+,1000+
Maryville College,2196.0,349.0,31132.0,44472.0,1000+,1000+
University of Memphis,5990.0,2134.0,8312.0,38247.0,1000+,1000+
Middle Tennessee State University,9845.0,3276.0,7546.0,36274.0,1000+,1000+
Milligan College,612.0,206.0,27916.0,38266.0,1000+,1000+
Rhodes College,3555.0,545.0,39794.0,53422.0,1000+,1000+
Sewanee-The University of the South,3285.0,488.0,35756.0,47970.0,1000+,1000+
Southern Adventist University,2313.0,490.0,19790.0,30874.0,1000+,1000+
Tennessee Wesleyan College,791.0,208.0,21800.0,31400.0,1000+,1000+
The University of Tennessee-Chattanooga,7628.0,2342.0,7554.0,35736.0,1000+,1000+
The University of Tennessee-Knoxville,14396.0,4276.0,11194.0,45940.0,1000+,1000+
The University of Tennessee-Martin,3640.0,1308.0,7507.0,32453.0,1000+,1000+
Tennessee Technological University,4973.0,2176.0,7063.0,37963.0,1000+,1000+
Trevecca Nazarene University,930.0,259.0,22330.0,33322.0,1000+,1000+
Tusculum College,2825.0,310.0,22250.0,35702.0,1000+,1000+
Union University,1932.0,452.0,26880.0,44220.0,1000+,1000+
Vanderbilt University,31099.0,1613.0,42978.0,61112.0,64,top 1000
Abilene Christian University,10188.0,1030.0,28350.0,41800.0,1000+,1000+
Angelo State University,2599.0,1220.0,6559.0,27411.0,1000+,1000+
Austin College,3141.0,364.0,33830.0,47625.0,1000+,1000+
Baylor University,29249.0,3190.0,35972.0,53886.0,501-600,top 1000
Concordia University-Texas,1680.0,192.0,25880.0,38420.0,1000+,1000+
Texas A & M University-Corpus Christi,7091.0,2051.0,7172.0,29107.0,1000+,1000+
Dallas Baptist University,2631.0,492.0,22350.0,34176.0,1000+,1000+
University of Dallas,1224.0,380.0,33110.0,48710.0,1000+,1000+
East Texas Baptist University,709.0,345.0,22590.0,32160.0,1000+,1000+
Texas A & M University-Texarkana,830.0,187.0,5578.0,24502.0,1000+,1000+
Texas A & M University-Commerce,4236.0,943.0,6583.0,25487.0,1000+,1000+
Hardin-Simmons University,2091.0,415.0,23460.0,33626.0,1000+,1000+
Houston Baptist University,5872.0,1135.0,27930.0,39001.0,1000+,1000+
University of Houston-Victoria,3128.0,310.0,6248.0,28738.0,1000+,1000+
University of Houston,17407.0,3434.0,8401.0,30959.0,201-300,top 1000
Howard Payne University,1585.0,347.0,23200.0,33853.0,1000+,1000+
Huston-Tillotson University,1778.0,211.0,13494.0,27044.0,1000+,1000+
University of the Incarnate Word,4072.0,1045.0,24790.0,39124.0,1000+,1000+
Lamar University,4788.0,1451.0,7429.0,30265.0,1000+,1000+
Texas A & M International University,4784.0,828.0,5818.0,25862.0,1000+,1000+
LeTourneau University,1810.0,335.0,25740.0,38775.0,1000+,1000+
Lubbock Christian University,783.0,255.0,18740.0,30966.0,1000+,1000+
University of Mary Hardin-Baylor,5540.0,675.0,25200.0,36180.0,1000+,1000+
McMurry University,1396.0,250.0,24296.0,36421.0,1000+,1000+
Midwestern State University,3023.0,847.0,7665.0,19854.0,1000+,1000+
University of North Texas,18299.0,4617.0,8745.0,28728.0,401-500,top 1000
Our Lady of the Lake University,3789.0,341.0,23938.0,37078.0,1000+,1000+
The University of Texas-Pan American,9313.0,3102.0,5173.0,24741.0,1000+,1000+
Paul Quinn College,632.0,70.0,13525.0,26300.0,1000+,1000+
Prairie View A & M University,10747.0,1464.0,6764.0,26178.0,1000+,1000+
Rice University,15415.0,978.0,38941.0,54291.0,101-150,top 1000
Saint Edward's University,3694.0,791.0,33720.0,47500.0,1000+,1000+
University of St Thomas,782.0,237.0,28240.0,41486.0,1000+,1000+
Sam Houston State University,9315.0,2413.0,7022.0,28520.0,1000+,1000+
Schreiner University,894.0,299.0,22484.0,35509.0,1000+,1000+
St Mary's University,5147.0,596.0,25126.0,38192.0,1000+,1000+
Southern Methodist University,12080.0,1431.0,43800.0,61355.0,701-800,top 1000
Southwestern Assemblies of God University,2057.0,344.0,17830.0,31802.0,1000+,1000+
Southwestern University,3546.0,491.0,35240.0,48080.0,1000+,1000+
Stephen F Austin State University,11383.0,2253.0,8412.0,33568.0,1000+,1000+
Texas State University,18939.0,5181.0,8060.0,28824.0,1000+,1000+
Southwestern Adventist University,1326.0,172.0,18640.0,29602.0,1000+,1000+
Sul Ross State University,1638.0,310.0,5436.0,27052.0,1000+,1000+
Tarleton State University,6223.0,1617.0,5856.0,26460.0,1000+,1000+
Texas A & M University-Kingsville,6488.0,1255.0,6940.0,31043.0,1000+,1000+
Texas A & M University-College Station,31387.0,10241.0,8506.0,37671.0,1000+,1000+
The University of Texas at Arlington,10679.0,2713.0,8878.0,30730.0,601-700,top 1000
The University of Texas at Austin,38161.0,7249.0,9798.0,50200.0,37,top 1000
The University of Texas at Dallas,8750.0,2233.0,10864.0,39958.0,52,top 1000
The University of Texas at Dallas,8750.0,2233.0,10864.0,39958.0,301-400,top 1000
The University of Texas at El Paso,6240.0,3033.0,7255.0,33319.0,1000+,1000+
The University of Texas at Tyler,2104.0,704.0,7222.0,31842.0,1000+,1000+
Texas Christian University,18551.0,1936.0,36590.0,50720.0,1000+,1000+
Texas Lutheran University,1734.0,346.0,25890.0,37620.0,1000+,1000+
The University of Texas of the Permian Basin,1007.0,276.0,5250.0,25173.0,1000+,1000+
The University of Texas at San Antonio,15239.0,4493.0,7457.0,29172.0,401-500,top 1000
Texas Southern University,9746.0,1110.0,7946.0,35186.0,1000+,1000+
Texas Tech University,19170.0,4785.0,7517.0,30097.0,401-500,top 1000
Texas Wesleyan University,3336.0,273.0,22040.0,35454.0,1000+,1000+
Texas Woman's University,4431.0,1161.0,7339.0,28885.0,1000+,1000+
Trinity University,4505.0,534.0,34678.0,48630.0,1000+,1000+
Wayland Baptist University,581.0,348.0,12550.0,23410.0,1000+,1000+
West Texas A & M University,4632.0,1308.0,6500.0,19874.0,1000+,1000+
Brigham Young University-Provo,11423.0,4427.0,4850.0,17496.0,1000+,1000+
Brigham Young University-Hawaii,2664.0,516.0,4770.0,16564.0,1000+,1000+
Southern Utah University,8318.0,1272.0,5924.0,31060.0,1000+,1000+
Utah State University,9052.0,3824.0,6030.0,29240.0,401-500,top 1000
University of Utah,11354.0,3124.0,7457.0,38199.0,101-150,top 1000
Westminster College,2461.0,449.0,29500.0,42108.0,1000+,1000+
Bennington College,1130.0,140.0,45080.0,61920.0,1000+,1000+
Burlington College,199.0,45.0,22885.0,35500.0,1000+,1000+
Castleton State College,2251.0,480.0,10286.0,35556.0,1000+,1000+
Champlain College,5047.0,594.0,31350.0,46850.0,1000+,1000+
Goddard College,4.0,2.0,14930.0,17018.0,1000+,1000+
Green Mountain College,773.0,136.0,32192.0,45988.0,1000+,1000+
Johnson State College,864.0,225.0,10286.0,33438.0,1000+,1000+
Lyndon State College,1354.0,365.0,10286.0,32400.0,1000+,1000+
Marlboro College,232.0,47.0,38110.0,51590.0,1000+,1000+
Middlebury College,8847.0,598.0,45314.0,59470.0,1000+,1000+
Norwich University,3081.0,599.0,33371.0,49655.0,1000+,1000+
Saint Michael's College,4431.0,512.0,39015.0,50920.0,1000+,1000+
College of St Joseph,183.0,33.0,21100.0,33700.0,1000+,1000+
Southern Vermont College,336.0,93.0,22000.0,35500.0,1000+,1000+
Sterling College,49.0,20.0,29894.0,41092.0,1000+,1000+
Vermont Technical College,568.0,194.0,12494.0,34794.0,1000+,1000+
University of Vermont,22381.0,2495.0,15718.0,49814.0,401-500,top 1000
Averett University,2356.0,241.0,27500.0,39124.0,1000+,1000+
Bluefield College,1042.0,118.0,22390.0,35560.0,1000+,1000+
Bridgewater College,5401.0,536.0,29090.0,43310.0,1000+,1000+
College of William and Mary,14046.0,1479.0,15463.0,51306.0,1000+,1000+
Regent University,1238.0,231.0,15838.0,28368.0,1000+,1000+
Christopher Newport University,7016.0,1276.0,11092.0,35708.0,1000+,1000+
Emory & Henry College,1663.0,267.0,28966.0,41866.0,1000+,1000+
Eastern Mennonite University,1073.0,232.0,29350.0,41500.0,1000+,1000+
Ferrum College,3272.0,569.0,28585.0,40627.0,1000+,1000+
George Mason University,20805.0,3011.0,9908.0,44019.0,201-300,top 1000
Hampden-Sydney College,2623.0,293.0,37352.0,51577.0,1000+,1000+
Hampton University,15337.0,1004.0,20724.0,33854.0,1000+,1000+
Hollins University,824.0,148.0,33320.0,48180.0,1000+,1000+
James Madison University,22648.0,4325.0,9176.0,37218.0,1000+,1000+
Liberty University,48054.0,4690.0,20768.0,33544.0,1000+,1000+
Longwood University,4055.0,1111.0,11340.0,36594.0,1000+,1000+
Lynchburg College,5695.0,512.0,33565.0,44695.0,1000+,1000+
Mary Baldwin College,3089.0,218.0,28720.0,40420.0,1000+,1000+
University of Mary Washington,4496.0,947.0,9720.0,36946.0,1000+,1000+
Marymount University,2082.0,400.0,26430.0,41160.0,1000+,1000+
Norfolk State University,3373.0,829.0,7126.0,34006.0,1000+,1000+
Old Dominion University,10201.0,2943.0,8550.0,37927.0,701-800,top 1000
Radford University,7774.0,1986.0,8976.0,32865.0,1000+,1000+
Randolph-Macon College,2997.0,382.0,34850.0,47740.0,1000+,1000+
Randolph College,1056.0,216.0,32850.0,46060.0,1000+,1000+
University of Richmond,9825.0,805.0,45320.0,57630.0,1000+,1000+
Roanoke College,4167.0,542.0,36597.0,51371.0,1000+,1000+
Shenandoah University,1833.0,459.0,29934.0,43598.0,1000+,1000+
Southern Virginia University,763.0,226.0,18900.0,30300.0,1000+,1000+
Sweet Briar College,905.0,197.0,33605.0,49105.0,1000+,1000+
The University of Virginia's College at Wise,972.0,335.0,8509.0,36623.0,1000+,1000+
Virginia Intermont College,226.0,45.0,24642.0,39891.0,1000+,1000+
Virginia Polytechnic Institute and State University,19112.0,5364.0,11455.0,41921.0,201-300,top 1000
Virginia Commonwealth University,14156.0,3525.0,12002.0,45768.0,201-300,top 1000
University of Virginia-Main Campus,28984.0,3520.0,12668.0,53461.0,1000+,1000+
Virginia Military Institute,2012.0,502.0,14404.0,46630.0,1000+,1000+
Virginia State University,5729.0,1244.0,7784.0,30175.0,1000+,1000+
Virginia Union University,4306.0,404.0,15130.0,27932.0,1000+,1000+
Virginia Wesleyan College,3788.0,453.0,32482.0,44190.0,1000+,1000+
Washington and Lee University,6222.0,480.0,44507.0,58575.0,1000+,1000+
Central Washington University,4507.0,1502.0,8976.0,34695.0,1000+,1000+
Eastern Washington University,5204.0,1579.0,7961.0,33277.0,1000+,1000+
The Evergreen State College,1583.0,509.0,8574.0,34728.0,1000+,1000+
Gonzaga University,6991.0,1096.0,35062.0,48530.0,1000+,1000+
Trinity Lutheran College,282.0,57.0,27042.0,38142.0,1000+,1000+
Northwest University,465.0,218.0,25934.0,36174.0,501-600,top 1000
Pacific Lutheran University,3443.0,648.0,34740.0,48308.0,1000+,1000+
University of Puget Sound,4588.0,670.0,41868.0,55948.0,1000+,1000+
Saint Martin's University,653.0,159.0,30284.0,44038.0,1000+,1000+
Seattle Pacific University,5165.0,767.0,33813.0,47674.0,1000+,1000+
Seattle University,7160.0,976.0,36465.0,52605.0,1000+,1000+
Walla Walla University,1051.0,393.0,25377.0,35670.0,1000+,1000+
Washington State University,14887.0,4163.0,12327.0,40779.0,301-400,top 1000
University of Washington-Seattle Campus,30199.0,6253.0,12397.0,46608.0,17,top 1000
Western Washington University,9526.0,2795.0,8863.0,33560.0,1000+,1000+
Whitman College,2586.0,392.0,43500.0,56600.0,1000+,1000+
Whitworth University,4044.0,593.0,36012.0,48055.0,1000+,1000+
Alderson Broaddus University,4892.0,438.0,22740.0,33296.0,1000+,1000+
Bethany College,1736.0,185.0,25736.0,39082.0,1000+,1000+
University of Charleston,1312.0,272.0,19650.0,32850.0,1000+,1000+
Concord University,2698.0,529.0,6160.0,25050.0,1000+,1000+
Davis & Elkins College,1022.0,269.0,24992.0,36442.0,1000+,1000+
Fairmont State University,2799.0,757.0,5824.0,23774.0,1000+,1000+
Glenville State College,1198.0,315.0,6384.0,29316.0,1000+,1000+
Marshall University,2866.0,1858.0,6216.0,27146.0,1000+,1000+
Ohio Valley University,904.0,91.0,18750.0,28850.0,1000+,1000+
Shepherd University,2023.0,756.0,6256.0,28895.0,1000+,1000+
West Virginia State University,2202.0,418.0,5932.0,26073.0,1000+,1000+
West Liberty University,2175.0,501.0,6226.0,27340.0,1000+,1000+
West Virginia University Institute of Technology,1033.0,199.0,5808.0,26481.0,1000+,1000+
West Virginia Wesleyan College,1762.0,471.0,26794.0,40534.0,1000+,1000+
West Virginia University,16521.0,5135.0,6456.0,31551.0,401-500,top 1000
Wheeling Jesuit University,1258.0,238.0,27830.0,36070.0,1000+,1000+
Alverno College,582.0,208.0,23231.0,34889.0,1000+,1000+
Beloit College,2253.0,300.0,41250.0,50406.0,1000+,1000+
Cardinal Stritch University,577.0,202.0,25450.0,39369.0,1000+,1000+
Carroll University,2868.0,700.0,27724.0,40168.0,1000+,1000+
Carthage College,7174.0,726.0,34850.0,48050.0,1000+,1000+
Concordia University-Wisconsin,2510.0,580.0,25160.0,38440.0,1000+,1000+
Edgewood College,1297.0,298.0,24666.0,37304.0,1000+,1000+
Lakeland College,885.0,218.0,22950.0,35460.0,1000+,1000+
Lawrence University,2710.0,395.0,41226.0,51897.0,1000+,1000+
Maranatha Baptist University,417.0,210.0,13120.0,24712.0,1000+,1000+
Marian University,1021.0,251.0,24650.0,35200.0,1000+,1000+
Marquette University,23432.0,1990.0,34640.0,48669.0,1000+,1000+
Milwaukee School of Engineering,2167.0,544.0,34470.0,46220.0,1000+,1000+
Mount Mary University,478.0,115.0,25098.0,37512.0,1000+,1000+
Northland College,1058.0,140.0,29990.0,40950.0,1000+,1000+
Ripon College,1320.0,238.0,31604.0,42769.0,1000+,1000+
Saint Norbert College,2088.0,539.0,31866.0,42042.0,1000+,1000+
Silver Lake College of the Holy Family,170.0,40.0,23180.0,36020.0,1000+,1000+
Viterbo University,1711.0,304.0,23330.0,34540.0,1000+,1000+
University of Wisconsin-Whitewater,5704.0,2168.0,7578.0,24651.0,1000+,1000+
University of Wisconsin-Eau Claire,6610.0,2073.0,8710.0,26078.0,1000+,1000+
University of Wisconsin-Green Bay,2520.0,921.0,7676.0,25541.0,1000+,1000+
University of Wisconsin-La Crosse,6982.0,1897.0,8769.0,25566.0,1000+,1000+
Wisconsin Lutheran College,870.0,229.0,24770.0,36330.0,1000+,1000+
University of Wisconsin-Oshkosh,5117.0,1841.0,7401.0,25134.0,1000+,1000+
University of Wisconsin-Parkside,1896.0,712.0,7316.0,26119.0,1000+,1000+
University of Wisconsin-Stout,3150.0,1498.0,8968.0,26464.0,1000+,1000+
University of Wisconsin-Superior,941.0,366.0,7946.0,25739.0,1000+,1000+
University of Wisconsin-Madison,23324.0,6279.0,10403.0,40181.0,33,top 1000
University of Wisconsin-Milwaukee,8944.0,3492.0,9300.0,31871.0,701-800,top 1000
University of Wisconsin-Platteville,3399.0,1754.0,7484.0,25257.0,1000+,1000+
University of Wisconsin-River Falls,2602.0,1119.0,7720.0,25251.0,1000+,1000+
University of Wisconsin-Stevens Point,4432.0,1637.0,7577.0,24289.0,1000+,1000+
University of Wyoming,4181.0,1584.0,4404.0,27865.0,501-600,top 1000
Stanford University,38828.0,1677.0,43683.0,60749.0,2,top 1000
Purdue University-Main Campus,31083.0,6422.0,9992.0,42044.0,83,top 1000
St John's College,205.0,84.0,46286.0,59732.0,1000+,1000+
New College of Florida,1376.0,222.0,6866.0,43095.0,1000+,1000+
California State University-San Marcos,10208.0,1783.0,6649.0,34322.0,1000+,1000+
University of Washington-Bothell Campus,2459.0,573.0,11911.0,47232.0,1000+,1000+
University of Washington-Tacoma Campus,1198.0,410.0,11902.0,47223.0,1000+,1000+
Beacon College,139.0,41.0,31496.0,45968.0,1000+,1000+
Soka University of America,422.0,112.0,29144.0,43128.0,1000+,1000+
California State University-Monterey Bay,12562.0,902.0,5963.0,30370.0,1000+,1000+
Johnson & Wales University-North Miami,5029.0,499.0,27456.0,41461.0,1000+,1000+
Florida Gulf Coast University,10804.0,2761.0,6118.0,38424.0,1000+,1000+
Johnson & Wales University-Denver,1998.0,333.0,27456.0,41461.0,1000+,1000+
California State University-Channel Islands,6960.0,756.0,6471.0,36167.0,1000+,1000+
Johnson & Wales University-Charlotte,4543.0,613.0,27456.0,41663.0,1000+,1000+
Ave Maria University,1611.0,254.0,23000.0,36860.0,1000+,1000+
University of South Florida-St Petersburg,3195.0,562.0,5820.0,31086.0,1000+,1000+
The Kings College,3033.0,127.0,31300.0,48717.0,1000+,1000+
Providence Christian College,122.0,20.0,24222.0,38602.0,1000+,1000+
